County,TotalPrecipitation_inches,WaterYear,x_coord,y_coord
Tehama,39.51,1951,-122.7809112,39.93636855
Tehama,42.65,1952,-122.7809112,39.93636855
Tehama,44.09,1953,-122.7809112,39.93636855
Tehama,41.92,1954,-122.7809112,39.93636855
Tehama,28.42,1955,-122.7809112,39.93636855
Tehama,58.65,1956,-122.7809112,39.93636855
Tehama,30.18,1957,-122.7809112,39.93636855
Tehama,64.4,1958,-122.7809112,39.93636855
Tehama,29.02,1959,-122.7809112,39.93636855
Tehama,37.0,1960,-122.7809112,39.93636855
Tehama,32.17,1961,-122.7809112,39.93636855
Tehama,36.37,1962,-122.7809112,39.93636855
Tehama,47.55,1963,-122.7809112,39.93636855
Tehama,27.71,1964,-122.7809112,39.93636855
Tehama,58.26,1965,-122.7809112,39.93636855
Tehama,36.55,1966,-122.7809112,39.93636855
Tehama,49.57,1967,-122.7809112,39.93636855
Tehama,39.84,1968,-122.7809112,39.93636855
Tehama,82.22,1969,-122.7809112,39.93636855
Tehama,47.58,1970,-122.7809112,39.93636855
Tehama,51.18,1971,-122.7809112,39.93636855
Tehama,32.28,1972,-122.7809112,39.93636855
Tehama,52.48,1973,-122.7809112,39.93636855
Tehama,65.24,1974,-122.7809112,39.93636855
Tehama,51.12,1975,-122.7809112,39.93636855
Tehama,25.03,1976,-122.7809112,39.93636855
Tehama,23.27,1977,-122.7809112,39.93636855
Tehama,24.689999999999998,1978,-122.7809112,39.93636855
Tehama,26.11,1979,-122.7809112,39.93636855
Tehama,47.3,1980,-122.7809112,39.93636855
Tehama,31.8,1981,-122.7809112,39.93636855
Tehama,61.45,1982,-122.7809112,39.93636855
Tehama,94.95,1983,-122.7809112,39.93636855
Tehama,64.875,1984,-122.7809112,39.93636855
Tehama,34.8,1985,-122.7809112,39.93636855
Tehama,49.53,1986,-122.7809112,39.93636855
Tehama,28.65,1987,-122.7809112,39.93636855
Tehama,35.3,1988,-122.7809112,39.93636855
Tehama,34.8,1989,-122.7809112,39.93636855
Tehama,27.45,1990,-122.7809112,39.93636855
Tehama,20.7,1991,-122.7809112,39.93636855
Tehama,36.99,1992,-122.7809112,39.93636855
Tehama,60.54,1993,-122.7809112,39.93636855
Tehama,22.5,1994,-122.7809112,39.93636855
Tehama,64.85,1995,-122.7809112,39.93636855
Tehama,43.1,1996,-122.7809112,39.93636855
Tehama,37.55,1997,-122.7809112,39.93636855
Tehama,82.05,1998,-122.7809112,39.93636855
Tehama,27.9,1999,-122.7809112,39.93636855
Tehama,36.55,2000,-122.7809112,39.93636855
Tehama,28.7,2001,-122.7809112,39.93636855
Tehama,29.25,2002,-122.7809112,39.93636855
Tehama,42.32,2003,-122.7809112,39.93636855
Tehama,31.93,2004,-122.7809112,39.93636855
Tehama,41.8,2005,-122.7809112,39.93636855
Tehama,55.9,2006,-122.7809112,39.93636855
Tehama,20.65,2007,-122.7809112,39.93636855
Tehama,29.28,2008,-122.7809112,39.93636855
Tehama,18.4,2009,-122.7809112,39.93636855
Tehama,39.31,2010,-122.7809112,39.93636855
Tehama,29.835,2011,-122.7809112,39.93636855
Tehama,20.36,2012,-122.7809112,39.93636855
Tehama,22.73,2013,-122.7809112,39.93636855
Tehama,12.75,2014,-122.7809112,39.93636855
Tehama,23.35,2015,-122.7809112,39.93636855
Tehama,29.59,2016,-122.7809112,39.93636855
Tehama,44.47,2017,-122.7809112,39.93636855
Tehama,20.06,2018,-122.7809112,39.93636855
Tehama,46.48,2019,-122.7809112,39.93636855
Tehama,13.46,2020,-122.7809112,39.93636855
Tehama,9.34,2021,-122.7809112,39.93636855
Tehama,16.51,2022,-122.7809112,39.93636855
Tehama,48.24,2023,-122.7809112,39.93636855
Lassen,25.12,1948,-121.1998423,40.77003454
Lassen,16.0,1949,-121.1998423,40.77003454
Lassen,21.36,1950,-121.1998423,40.77003454
Lassen,22.03,1951,-121.1998423,40.77003454
Lassen,28.06,1952,-121.1998423,40.77003454
Lassen,22.53,1953,-121.1998423,40.77003454
Lassen,18.07,1954,-121.1998423,40.77003454
Lassen,14.06,1955,-121.1998423,40.77003454
Lassen,31.37,1956,-121.1998423,40.77003454
Lassen,21.61,1957,-121.1998423,40.77003454
Lassen,28.75,1958,-121.1998423,40.77003454
Lassen,16.43,1959,-121.1998423,40.77003454
Lassen,16.45,1960,-121.1998423,40.77003454
Lassen,21.19,1961,-121.1998423,40.77003454
Lassen,20.4,1962,-121.1998423,40.77003454
Lassen,30.8,1963,-121.1998423,40.77003454
Lassen,22.97,1964,-121.1998423,40.77003454
Lassen,30.35,1965,-121.1998423,40.77003454
Lassen,17.15,1966,-121.1998423,40.77003454
Lassen,28.73,1967,-121.1998423,40.77003454
Lassen,21.69,1968,-121.1998423,40.77003454
Lassen,29.64,1969,-121.1998423,40.77003454
Lassen,25.08,1970,-121.1998423,40.77003454
Lassen,34.14,1971,-121.1998423,40.77003454
Lassen,20.06,1972,-121.1998423,40.77003454
Lassen,24.14,1973,-121.1998423,40.77003454
Lassen,28.23,1974,-121.1998423,40.77003454
Lassen,33.06,1975,-121.1998423,40.77003454
Lassen,17.41,1976,-121.1998423,40.77003454
Lassen,16.06,1977,-121.1998423,40.77003454
Lassen,27.68,1978,-121.1998423,40.77003454
Lassen,21.6,1979,-121.1998423,40.77003454
Lassen,30.45,1980,-121.1998423,40.77003454
Lassen,21.25,1981,-121.1998423,40.77003454
Lassen,39.1,1982,-121.1998423,40.77003454
Lassen,37.75,1983,-121.1998423,40.77003454
Lassen,28.85,1984,-121.1998423,40.77003454
Lassen,22.87,1985,-121.1998423,40.77003454
Lassen,30.85,1986,-121.1998423,40.77003454
Lassen,22.6,1987,-121.1998423,40.77003454
Lassen,18.5,1988,-121.1998423,40.77003454
Lassen,25.1,1989,-121.1998423,40.77003454
Lassen,23.9,1990,-121.1998423,40.77003454
Lassen,26.0,1991,-121.1998423,40.77003454
Lassen,14.9,1992,-121.1998423,40.77003454
Lassen,36.64,1993,-121.1998423,40.77003454
Lassen,22.79,1994,-121.1998423,40.77003454
Lassen,47.17,1995,-121.1998423,40.77003454
Lassen,28.4,1996,-121.1998423,40.77003454
Lassen,29.6,1997,-121.1998423,40.77003454
Lassen,39.35,1998,-121.1998423,40.77003454
Lassen,24.6,1999,-121.1998423,40.77003454
Lassen,20.44,2000,-121.1998423,40.77003454
Lassen,15.3,2001,-121.1998423,40.77003454
Lassen,21.65,2002,-121.1998423,40.77003454
Lassen,25.1,2003,-121.1998423,40.77003454
Lassen,20.8,2004,-121.1998423,40.77003454
Lassen,24.35,2005,-121.1998423,40.77003454
Lassen,32.45,2006,-121.1998423,40.77003454
Lassen,19.01,2007,-121.1998423,40.77003454
Lassen,18.85,2008,-121.1998423,40.77003454
Lassen,20.84,2009,-121.1998423,40.77003454
Lassen,24.04,2010,-121.1998423,40.77003454
Lassen,34.81,2011,-121.1998423,40.77003454
Lassen,17.71,2012,-121.1998423,40.77003454
Lassen,15.81,2013,-121.1998423,40.77003454
Lassen,15.18,2014,-121.1998423,40.77003454
Lassen,19.45,2015,-121.1998423,40.77003454
Lassen,30.04,2016,-121.1998423,40.77003454
Lassen,33.73,2017,-121.1998423,40.77003454
Lassen,22.34,2018,-121.1998423,40.77003454
Lassen,31.87,2019,-121.1998423,40.77003454
Lassen,16.72,2020,-121.1998423,40.77003454
Lassen,24.386666666666667,2021,-121.1998423,40.77003454
Lassen,32.053333333333335,2022,-121.1998423,40.77003454
Lassen,39.72,2023,-121.1998423,40.77003454
Plumas,30.45,1970,-121.1998423,40.77003454
Plumas,35.38,1971,-121.1998423,40.77003454
Plumas,21.12,1972,-121.1998423,40.77003454
Plumas,22.07,1973,-121.1998423,40.77003454
Plumas,35.07,1974,-121.1998423,40.77003454
Plumas,27.89,1975,-121.1998423,40.77003454
Plumas,16.83,1976,-121.1998423,40.77003454
Plumas,10.91,1977,-121.1998423,40.77003454
Plumas,28.04,1978,-121.1998423,40.77003454
Plumas,17.0,1979,-121.1998423,40.77003454
Plumas,32.21,1980,-121.1998423,40.77003454
Plumas,16.91,1981,-121.1998423,40.77003454
Plumas,42.6,1982,-121.1998423,40.77003454
Plumas,42.94,1983,-121.1998423,40.77003454
Plumas,28.78,1984,-121.1998423,40.77003454
Plumas,19.58,1985,-121.1998423,40.77003454
Plumas,33.95,1986,-121.1998423,40.77003454
Plumas,17.57,1987,-121.1998423,40.77003454
Plumas,11.28,1988,-121.1998423,40.77003454
Plumas,24.0,1989,-121.1998423,40.77003454
Plumas,18.42,1990,-121.1998423,40.77003454
Plumas,17.55,1991,-121.1998423,40.77003454
Plumas,14.35,1992,-121.1998423,40.77003454
Plumas,32.49,1993,-121.1998423,40.77003454
Plumas,12.51,1994,-121.1998423,40.77003454
Plumas,46.45,1995,-121.1998423,40.77003454
Plumas,30.45,1996,-121.1998423,40.77003454
Plumas,34.45,1997,-121.1998423,40.77003454
Plumas,32.3,1998,-121.1998423,40.77003454
Plumas,26.45,1999,-121.1998423,40.77003454
Plumas,22.5,2000,-121.1998423,40.77003454
Plumas,10.75,2001,-121.1998423,40.77003454
Plumas,19.75,2002,-121.1998423,40.77003454
Plumas,20.8,2003,-121.1998423,40.77003454
Plumas,20.5,2004,-121.1998423,40.77003454
Plumas,21.75,2005,-121.1998423,40.77003454
Plumas,37.2,2006,-121.1998423,40.77003454
Plumas,16.45,2007,-121.1998423,40.77003454
Plumas,12.81,2008,-121.1998423,40.77003454
Plumas,21.05,2009,-121.1998423,40.77003454
Plumas,17.61,2010,-121.1998423,40.77003454
Plumas,30.92,2011,-121.1998423,40.77003454
Plumas,15.15,2012,-121.1998423,40.77003454
Plumas,22.95,2013,-121.1998423,40.77003454
Plumas,13.69,2014,-121.1998423,40.77003454
Plumas,17.83,2015,-121.1998423,40.77003454
Plumas,25.17,2016,-121.1998423,40.77003454
Plumas,44.15,2017,-121.1998423,40.77003454
Plumas,21.82,2018,-121.1998423,40.77003454
Plumas,30.13,2019,-121.1998423,40.77003454
Plumas,15.37,2020,-121.1998423,40.77003454
Plumas,22.54,2021,-121.1998423,40.77003454
Plumas,29.71,2022,-121.1998423,40.77003454
Plumas,36.88,2023,-121.1998423,40.77003454
Lassen,32.82,1961,-121.3005709,40.56212904
Lassen,32.05,1962,-121.3005709,40.56212904
Lassen,59.2,1963,-121.3005709,40.56212904
Lassen,32.15,1964,-121.3005709,40.56212904
Lassen,55.93,1965,-121.3005709,40.56212904
Lassen,33.4,1966,-121.3005709,40.56212904
Lassen,49.25,1967,-121.3005709,40.56212904
Lassen,33.6,1968,-121.3005709,40.56212904
Lassen,54.2,1969,-121.3005709,40.56212904
Lassen,49.9,1970,-121.3005709,40.56212904
Lassen,46.2,1971,-121.3005709,40.56212904
Lassen,32.05,1972,-121.3005709,40.56212904
Lassen,32.8,1973,-121.3005709,40.56212904
Lassen,65.53,1974,-121.3005709,40.56212904
Lassen,41.73,1975,-121.3005709,40.56212904
Lassen,22.58,1976,-121.3005709,40.56212904
Lassen,15.63,1977,-121.3005709,40.56212904
Lassen,44.75,1978,-121.3005709,40.56212904
Lassen,26.2,1979,-121.3005709,40.56212904
Lassen,43.02,1980,-121.3005709,40.56212904
Lassen,27.02,1981,-121.3005709,40.56212904
Lassen,68.52,1982,-121.3005709,40.56212904
Lassen,55.17,1983,-121.3005709,40.56212904
Lassen,42.53,1984,-121.3005709,40.56212904
Lassen,34.15,1985,-121.3005709,40.56212904
Lassen,47.55,1986,-121.3005709,40.56212904
Lassen,29.58,1987,-121.3005709,40.56212904
Lassen,31.04,1988,-121.3005709,40.56212904
Lassen,32.5,1989,-121.3005709,40.56212904
Lassen,27.85,1990,-121.3005709,40.56212904
Lassen,25.7,1991,-121.3005709,40.56212904
Lassen,22.85,1992,-121.3005709,40.56212904
Lassen,46.4,1993,-121.3005709,40.56212904
Lassen,44.03125,1994,-121.3005709,40.56212904
Lassen,41.6625,1995,-121.3005709,40.56212904
Lassen,39.29375,1996,-121.3005709,40.56212904
Lassen,36.925,1997,-121.3005709,40.56212904
Lassen,34.55625,1998,-121.3005709,40.56212904
Lassen,32.1875,1999,-121.3005709,40.56212904
Lassen,29.818749999999998,2000,-121.3005709,40.56212904
Lassen,27.45,2001,-121.3005709,40.56212904
Lassen,29.5,2002,-121.3005709,40.56212904
Lassen,40.68,2003,-121.3005709,40.56212904
Lassen,34.4,2004,-121.3005709,40.56212904
Lassen,33.3,2005,-121.3005709,40.56212904
Lassen,53.15,2006,-121.3005709,40.56212904
Lassen,15.18,2007,-121.3005709,40.56212904
Lassen,17.76,2008,-121.3005709,40.56212904
Lassen,28.5,2009,-121.3005709,40.56212904
Lassen,0.71,2010,-121.3005709,40.56212904
Lassen,23.51,2011,-121.3005709,40.56212904
Lassen,26.85,2012,-121.3005709,40.56212904
Lassen,34.25,2013,-121.3005709,40.56212904
Lassen,19.66,2014,-121.3005709,40.56212904
Lassen,29.3,2015,-121.3005709,40.56212904
Lassen,40.89,2016,-121.3005709,40.56212904
Lassen,63.15,2017,-121.3005709,40.56212904
Lassen,28.69,2018,-121.3005709,40.56212904
Lassen,43.09,2019,-121.3005709,40.56212904
Lassen,19.83,2020,-121.3005709,40.56212904
Lassen,29.53666666666667,2021,-121.3005709,40.56212904
Lassen,39.24333333333334,2022,-121.3005709,40.56212904
Lassen,48.95,2023,-121.3005709,40.56212904
Plumas,34.46,1968,-121.1011504,39.72418519
Plumas,85.79,1969,-121.1011504,39.72418519
Plumas,87.26,1970,-121.1011504,39.72418519
Plumas,74.22,1971,-121.1011504,39.72418519
Plumas,50.19,1972,-121.1011504,39.72418519
Plumas,71.55,1973,-121.1011504,39.72418519
Plumas,113.6,1974,-121.1011504,39.72418519
Plumas,70.45,1975,-121.1011504,39.72418519
Plumas,41.1,1976,-121.1011504,39.72418519
Plumas,25.2,1977,-121.1011504,39.72418519
Plumas,109.25,1978,-121.1011504,39.72418519
Plumas,64.6,1979,-121.1011504,39.72418519
Plumas,83.77,1980,-121.1011504,39.72418519
Plumas,48.36,1981,-121.1011504,39.72418519
Plumas,103.9,1982,-121.1011504,39.72418519
Plumas,113.3,1983,-121.1011504,39.72418519
Plumas,103.92999999999999,1984,-121.1011504,39.72418519
Plumas,94.56,1985,-121.1011504,39.72418519
Plumas,85.19,1986,-121.1011504,39.72418519
Plumas,47.47,1987,-121.1011504,39.72418519
Plumas,49.39,1988,-121.1011504,39.72418519
Plumas,69.98,1989,-121.1011504,39.72418519
Plumas,58.93,1990,-121.1011504,39.72418519
Plumas,49.46,1991,-121.1011504,39.72418519
Plumas,45.85,1992,-121.1011504,39.72418519
Plumas,97.18,1993,-121.1011504,39.72418519
Plumas,33.8,1994,-121.1011504,39.72418519
Plumas,103.94,1995,-121.1011504,39.72418519
Plumas,67.99,1996,-121.1011504,39.72418519
Plumas,62.43,1997,-121.1011504,39.72418519
Plumas,108.43,1998,-121.1011504,39.72418519
Plumas,32.85,1999,-121.1011504,39.72418519
Plumas,75.55,2000,-121.1011504,39.72418519
Plumas,53.2,2001,-121.1011504,39.72418519
Plumas,61.55,2002,-121.1011504,39.72418519
Plumas,67.85,2003,-121.1011504,39.72418519
Plumas,70.65,2004,-121.1011504,39.72418519
Plumas,80.65,2005,-121.1011504,39.72418519
Plumas,118.45,2006,-121.1011504,39.72418519
Plumas,52.92,2007,-121.1011504,39.72418519
Plumas,53.04,2008,-121.1011504,39.72418519
Plumas,78.28,2009,-121.1011504,39.72418519
Plumas,75.17,2010,-121.1011504,39.72418519
Plumas,114.76,2011,-121.1011504,39.72418519
Plumas,49.55,2012,-121.1011504,39.72418519
Plumas,46.78,2013,-121.1011504,39.72418519
Plumas,41.55,2014,-121.1011504,39.72418519
Plumas,64.05,2015,-121.1011504,39.72418519
Plumas,86.55,2016,-121.1011504,39.72418519
Plumas,114.31,2017,-121.1011504,39.72418519
Plumas,62.35,2018,-121.1011504,39.72418519
Plumas,53.818333333333335,2019,-121.1011504,39.72418519
Plumas,45.28666666666667,2020,-121.1011504,39.72418519
Plumas,36.755,2021,-121.1011504,39.72418519
Plumas,28.223333333333336,2022,-121.1011504,39.72418519
Plumas,19.69166666666667,2023,-121.1011504,39.72418519
Lassen,11.16,1959,-120.9581271,40.69471952
Lassen,11.39,1960,-120.9581271,40.69471952
Lassen,10.7,1961,-120.9581271,40.69471952
Lassen,11.7,1962,-120.9581271,40.69471952
Lassen,26.49,1963,-120.9581271,40.69471952
Lassen,15.31,1964,-120.9581271,40.69471952
Lassen,19.14,1965,-120.9581271,40.69471952
Lassen,11.53,1966,-120.9581271,40.69471952
Lassen,19.65,1967,-120.9581271,40.69471952
Lassen,16.55,1968,-120.9581271,40.69471952
Lassen,25.9,1969,-120.9581271,40.69471952
Lassen,22.32,1970,-120.9581271,40.69471952
Lassen,23.39,1971,-120.9581271,40.69471952
Lassen,14.45,1972,-120.9581271,40.69471952
Lassen,16.71,1973,-120.9581271,40.69471952
Lassen,23.72,1974,-120.9581271,40.69471952
Lassen,20.68,1975,-120.9581271,40.69471952
Lassen,15.85,1976,-120.9581271,40.69471952
Lassen,12.29,1977,-120.9581271,40.69471952
Lassen,19.38,1978,-120.9581271,40.69471952
Lassen,13.43,1979,-120.9581271,40.69471952
Lassen,22.0,1980,-120.9581271,40.69471952
Lassen,16.65,1981,-120.9581271,40.69471952
Lassen,29.4,1982,-120.9581271,40.69471952
Lassen,29.6,1983,-120.9581271,40.69471952
Lassen,21.75,1984,-120.9581271,40.69471952
Lassen,12.2,1985,-120.9581271,40.69471952
Lassen,24.15,1986,-120.9581271,40.69471952
Lassen,13.31,1987,-120.9581271,40.69471952
Lassen,11.6,1988,-120.9581271,40.69471952
Lassen,19.4,1989,-120.9581271,40.69471952
Lassen,18.21,1990,-120.9581271,40.69471952
Lassen,18.14,1991,-120.9581271,40.69471952
Lassen,12.33,1992,-120.9581271,40.69471952
Lassen,27.54,1993,-120.9581271,40.69471952
Lassen,14.23,1994,-120.9581271,40.69471952
Lassen,34.45,1995,-120.9581271,40.69471952
Lassen,27.35,1996,-120.9581271,40.69471952
Lassen,20.15,1997,-120.9581271,40.69471952
Lassen,29.95,1998,-120.9581271,40.69471952
Lassen,18.65,1999,-120.9581271,40.69471952
Lassen,14.9,2000,-120.9581271,40.69471952
Lassen,7.56,2001,-120.9581271,40.69471952
Lassen,13.8,2002,-120.9581271,40.69471952
Lassen,10.36,2003,-120.9581271,40.69471952
Lassen,19.9,2004,-120.9581271,40.69471952
Lassen,19.6,2005,-120.9581271,40.69471952
Lassen,26.45,2006,-120.9581271,40.69471952
Lassen,10.67,2007,-120.9581271,40.69471952
Lassen,10.06,2008,-120.9581271,40.69471952
Lassen,14.1,2009,-120.9581271,40.69471952
Lassen,16.31,2010,-120.9581271,40.69471952
Lassen,21.54,2011,-120.9581271,40.69471952
Lassen,11.75,2012,-120.9581271,40.69471952
Lassen,15.59,2013,-120.9581271,40.69471952
Lassen,10.25,2014,-120.9581271,40.69471952
Lassen,17.87,2015,-120.9581271,40.69471952
Lassen,24.15,2016,-120.9581271,40.69471952
Lassen,32.21,2017,-120.9581271,40.69471952
Lassen,26.44,2018,-120.9581271,40.69471952
Lassen,24.82,2019,-120.9581271,40.69471952
Lassen,10.86,2020,-120.9581271,40.69471952
Lassen,16.586666666666666,2021,-120.9581271,40.69471952
Lassen,22.313333333333333,2022,-120.9581271,40.69471952
Lassen,28.04,2023,-120.9581271,40.69471952
Plumas,17.1,1959,-120.4935756,40.21358847
Plumas,18.3,1960,-120.4935756,40.21358847
Plumas,17.88,1961,-120.4935756,40.21358847
Plumas,20.89,1962,-120.4935756,40.21358847
Plumas,29.54,1963,-120.4935756,40.21358847
Plumas,15.6,1964,-120.4935756,40.21358847
Plumas,29.31,1965,-120.4935756,40.21358847
Plumas,10.74,1966,-120.4935756,40.21358847
Plumas,27.47,1967,-120.4935756,40.21358847
Plumas,22.25,1968,-120.4935756,40.21358847
Plumas,31.48,1969,-120.4935756,40.21358847
Plumas,27.02,1970,-120.4935756,40.21358847
Plumas,35.68,1971,-120.4935756,40.21358847
Plumas,21.8,1972,-120.4935756,40.21358847
Plumas,22.21,1973,-120.4935756,40.21358847
Plumas,30.25,1974,-120.4935756,40.21358847
Plumas,26.77,1975,-120.4935756,40.21358847
Plumas,16.42,1976,-120.4935756,40.21358847
Plumas,8.76,1977,-120.4935756,40.21358847
Plumas,23.42,1978,-120.4935756,40.21358847
Plumas,15.2,1979,-120.4935756,40.21358847
Plumas,29.44,1980,-120.4935756,40.21358847
Plumas,15.05,1981,-120.4935756,40.21358847
Plumas,35.94,1982,-120.4935756,40.21358847
Plumas,38.04,1983,-120.4935756,40.21358847
Plumas,25.37,1984,-120.4935756,40.21358847
Plumas,19.49,1985,-120.4935756,40.21358847
Plumas,27.62,1986,-120.4935756,40.21358847
Plumas,17.75,1987,-120.4935756,40.21358847
Plumas,9.83,1988,-120.4935756,40.21358847
Plumas,22.38,1989,-120.4935756,40.21358847
Plumas,16.66,1990,-120.4935756,40.21358847
Plumas,18.35,1991,-120.4935756,40.21358847
Plumas,9.95,1992,-120.4935756,40.21358847
Plumas,28.33,1993,-120.4935756,40.21358847
Plumas,13.17,1994,-120.4935756,40.21358847
Plumas,41.69,1995,-120.4935756,40.21358847
Plumas,27.59,1996,-120.4935756,40.21358847
Plumas,29.73,1997,-120.4935756,40.21358847
Plumas,27.33,1998,-120.4935756,40.21358847
Plumas,23.9,1999,-120.4935756,40.21358847
Plumas,19.5,2000,-120.4935756,40.21358847
Plumas,10.25,2001,-120.4935756,40.21358847
Plumas,17.65,2002,-120.4935756,40.21358847
Plumas,20.1,2003,-120.4935756,40.21358847
Plumas,17.2,2004,-120.4935756,40.21358847
Plumas,22.1,2005,-120.4935756,40.21358847
Plumas,32.3,2006,-120.4935756,40.21358847
Plumas,11.81,2007,-120.4935756,40.21358847
Plumas,17.57,2008,-120.4935756,40.21358847
Plumas,20.15,2009,-120.4935756,40.21358847
Plumas,16.28,2010,-120.4935756,40.21358847
Plumas,30.51,2011,-120.4935756,40.21358847
Plumas,13.62,2012,-120.4935756,40.21358847
Plumas,18.98,2013,-120.4935756,40.21358847
Plumas,14.86,2014,-120.4935756,40.21358847
Plumas,16.89,2015,-120.4935756,40.21358847
Plumas,23.34,2016,-120.4935756,40.21358847
Plumas,41.72,2017,-120.4935756,40.21358847
Plumas,20.91,2018,-120.4935756,40.21358847
Plumas,27.96,2019,-120.4935756,40.21358847
Plumas,16.89,2020,-120.4935756,40.21358847
Plumas,22.853333333333335,2021,-120.4935756,40.21358847
Plumas,28.81666666666667,2022,-120.4935756,40.21358847
Plumas,34.78,2023,-120.4935756,40.21358847
Plumas,7.22,1966,-120.4511231,39.94423631
Plumas,33.53,1967,-120.4511231,39.94423631
Plumas,16.7,1968,-120.4511231,39.94423631
Plumas,33.87,1969,-120.4511231,39.94423631
Plumas,24.22,1970,-120.4511231,39.94423631
Plumas,26.12,1971,-120.4511231,39.94423631
Plumas,18.41,1972,-120.4511231,39.94423631
Plumas,17.36,1973,-120.4511231,39.94423631
Plumas,25.53,1974,-120.4511231,39.94423631
Plumas,20.54,1975,-120.4511231,39.94423631
Plumas,10.6,1976,-120.4511231,39.94423631
Plumas,7.28,1977,-120.4511231,39.94423631
Plumas,25.13,1978,-120.4511231,39.94423631
Plumas,13.33,1979,-120.4511231,39.94423631
Plumas,24.57,1980,-120.4511231,39.94423631
Plumas,14.5,1981,-120.4511231,39.94423631
Plumas,36.21,1982,-120.4511231,39.94423631
Plumas,37.66,1983,-120.4511231,39.94423631
Plumas,28.26,1984,-120.4511231,39.94423631
Plumas,14.9,1985,-120.4511231,39.94423631
Plumas,24.03,1986,-120.4511231,39.94423631
Plumas,9.81,1987,-120.4511231,39.94423631
Plumas,9.67,1988,-120.4511231,39.94423631
Plumas,21.69,1989,-120.4511231,39.94423631
Plumas,15.94,1990,-120.4511231,39.94423631
Plumas,14.6,1991,-120.4511231,39.94423631
Plumas,11.35,1992,-120.4511231,39.94423631
Plumas,27.46,1993,-120.4511231,39.94423631
Plumas,13.02,1994,-120.4511231,39.94423631
Plumas,37.65,1995,-120.4511231,39.94423631
Plumas,23.45,1996,-120.4511231,39.94423631
Plumas,29.9,1997,-120.4511231,39.94423631
Plumas,25.87,1998,-120.4511231,39.94423631
Plumas,25.7,1999,-120.4511231,39.94423631
Plumas,19.4,2000,-120.4511231,39.94423631
Plumas,8.8,2001,-120.4511231,39.94423631
Plumas,12.5,2002,-120.4511231,39.94423631
Plumas,15.5,2003,-120.4511231,39.94423631
Plumas,15.25,2004,-120.4511231,39.94423631
Plumas,6.9,2005,-120.4511231,39.94423631
Plumas,30.45,2006,-120.4511231,39.94423631
Plumas,13.76,2007,-120.4511231,39.94423631
Plumas,14.72,2008,-120.4511231,39.94423631
Plumas,22.45,2009,-120.4511231,39.94423631
Plumas,20.01,2010,-120.4511231,39.94423631
Plumas,30.09,2011,-120.4511231,39.94423631
Plumas,14.51,2012,-120.4511231,39.94423631
Plumas,22.42,2013,-120.4511231,39.94423631
Plumas,11.26,2014,-120.4511231,39.94423631
Plumas,20.03,2015,-120.4511231,39.94423631
Plumas,24.36,2016,-120.4511231,39.94423631
Plumas,42.37,2017,-120.4511231,39.94423631
Plumas,16.2,2018,-120.4511231,39.94423631
Plumas,24.65,2019,-120.4511231,39.94423631
Plumas,16.42,2020,-120.4511231,39.94423631
Plumas,21.753333333333334,2021,-120.4511231,39.94423631
Plumas,27.086666666666666,2022,-120.4511231,39.94423631
Plumas,32.42,2023,-120.4511231,39.94423631
Modoc,13.27,1960,-120.7337697,41.8993192
Modoc,14.15,1961,-120.7337697,41.8993192
Modoc,13.81,1962,-120.7337697,41.8993192
Modoc,20.11,1963,-120.7337697,41.8993192
Modoc,16.72,1964,-120.7337697,41.8993192
Modoc,22.9,1965,-120.7337697,41.8993192
Modoc,12.85,1966,-120.7337697,41.8993192
Modoc,21.25,1967,-120.7337697,41.8993192
Modoc,12.1,1968,-120.7337697,41.8993192
Modoc,25.03,1969,-120.7337697,41.8993192
Modoc,19.62,1970,-120.7337697,41.8993192
Modoc,26.91,1971,-120.7337697,41.8993192
Modoc,19.35,1972,-120.7337697,41.8993192
Modoc,17.03,1973,-120.7337697,41.8993192
Modoc,21.91,1974,-120.7337697,41.8993192
Modoc,19.66,1975,-120.7337697,41.8993192
Modoc,20.75,1976,-120.7337697,41.8993192
Modoc,10.72,1977,-120.7337697,41.8993192
Modoc,22.94,1978,-120.7337697,41.8993192
Modoc,14.68,1979,-120.7337697,41.8993192
Modoc,21.7,1980,-120.7337697,41.8993192
Modoc,15.6,1981,-120.7337697,41.8993192
Modoc,19.4,1982,-120.7337697,41.8993192
Modoc,25.0,1983,-120.7337697,41.8993192
Modoc,23.3,1984,-120.7337697,41.8993192
Modoc,15.75,1985,-120.7337697,41.8993192
Modoc,22.86,1986,-120.7337697,41.8993192
Modoc,15.2,1987,-120.7337697,41.8993192
Modoc,18.95,1988,-120.7337697,41.8993192
Modoc,22.7,1989,-120.7337697,41.8993192
Modoc,13.45,1990,-120.7337697,41.8993192
Modoc,13.4,1991,-120.7337697,41.8993192
Modoc,11.4,1992,-120.7337697,41.8993192
Modoc,25.58,1993,-120.7337697,41.8993192
Modoc,12.8,1994,-120.7337697,41.8993192
Modoc,26.3,1995,-120.7337697,41.8993192
Modoc,23.6,1996,-120.7337697,41.8993192
Modoc,19.7,1997,-120.7337697,41.8993192
Modoc,28.15,1998,-120.7337697,41.8993192
Modoc,20.0,1999,-120.7337697,41.8993192
Modoc,14.9,2000,-120.7337697,41.8993192
Modoc,10.3,2001,-120.7337697,41.8993192
Modoc,17.9,2002,-120.7337697,41.8993192
Modoc,25.26,2003,-120.7337697,41.8993192
Modoc,17.7,2004,-120.7337697,41.8993192
Modoc,19.1,2005,-120.7337697,41.8993192
Modoc,22.05,2006,-120.7337697,41.8993192
Modoc,10.91,2007,-120.7337697,41.8993192
Modoc,19.71,2008,-120.7337697,41.8993192
Modoc,13.27,2009,-120.7337697,41.8993192
Modoc,16.52,2010,-120.7337697,41.8993192
Modoc,24.44,2011,-120.7337697,41.8993192
Modoc,12.41,2012,-120.7337697,41.8993192
Modoc,16.3,2013,-120.7337697,41.8993192
Modoc,13.02,2014,-120.7337697,41.8993192
Modoc,16.79,2015,-120.7337697,41.8993192
Modoc,21.45,2016,-120.7337697,41.8993192
Modoc,24.84,2017,-120.7337697,41.8993192
Modoc,17.05,2018,-120.7337697,41.8993192
Modoc,19.57,2019,-120.7337697,41.8993192
Modoc,14.87,2020,-120.7337697,41.8993192
Modoc,12.66,2021,-120.7337697,41.8993192
Modoc,9.65,2022,-120.7337697,41.8993192
Modoc,18.87,2023,-120.7337697,41.8993192
Tehama,24.45,1961,-121.9741408,40.14369921
Tehama,22.2,1962,-121.9741408,40.14369921
Tehama,26.18,1963,-121.9741408,40.14369921
Tehama,15.24,1964,-121.9741408,40.14369921
Tehama,28.26,1965,-121.9741408,40.14369921
Tehama,16.33,1966,-121.9741408,40.14369921
Tehama,30.98,1967,-121.9741408,40.14369921
Tehama,20.28,1968,-121.9741408,40.14369921
Tehama,41.79,1969,-121.9741408,40.14369921
Tehama,32.52,1970,-121.9741408,40.14369921
Tehama,27.49,1971,-121.9741408,40.14369921
Tehama,15.1,1972,-121.9741408,40.14369921
Tehama,35.04,1973,-121.9741408,40.14369921
Tehama,34.89,1974,-121.9741408,40.14369921
Tehama,25.19,1975,-121.9741408,40.14369921
Tehama,15.09,1976,-121.9741408,40.14369921
Tehama,12.93,1977,-121.9741408,40.14369921
Tehama,39.08,1978,-121.9741408,40.14369921
Tehama,23.56,1979,-121.9741408,40.14369921
Tehama,36.75,1980,-121.9741408,40.14369921
Tehama,22.0,1981,-121.9741408,40.14369921
Tehama,35.5,1982,-121.9741408,40.14369921
Tehama,50.1,1983,-121.9741408,40.14369921
Tehama,30.8,1984,-121.9741408,40.14369921
Tehama,17.65,1985,-121.9741408,40.14369921
Tehama,33.9,1986,-121.9741408,40.14369921
Tehama,20.4,1987,-121.9741408,40.14369921
Tehama,21.1,1988,-121.9741408,40.14369921
Tehama,19.4,1989,-121.9741408,40.14369921
Tehama,13.2,1990,-121.9741408,40.14369921
Tehama,17.15,1991,-121.9741408,40.14369921
Tehama,20.7,1992,-121.9741408,40.14369921
Tehama,34.85,1993,-121.9741408,40.14369921
Tehama,23.6,1994,-121.9741408,40.14369921
Tehama,52.1,1995,-121.9741408,40.14369921
Tehama,27.95,1996,-121.9741408,40.14369921
Tehama,28.6,1997,-121.9741408,40.14369921
Tehama,48.45,1998,-121.9741408,40.14369921
Tehama,21.1,1999,-121.9741408,40.14369921
Tehama,24.8,2000,-121.9741408,40.14369921
Tehama,15.8,2001,-121.9741408,40.14369921
Tehama,22.1,2002,-121.9741408,40.14369921
Tehama,32.52,2003,-121.9741408,40.14369921
Tehama,10.35,2004,-121.9741408,40.14369921
Tehama,30.7,2005,-121.9741408,40.14369921
Tehama,39.95,2006,-121.9741408,40.14369921
Tehama,15.77,2007,-121.9741408,40.14369921
Tehama,16.22,2008,-121.9741408,40.14369921
Tehama,18.5,2009,-121.9741408,40.14369921
Tehama,26.52,2010,-121.9741408,40.14369921
Tehama,30.01,2011,-121.9741408,40.14369921
Tehama,14.91,2012,-121.9741408,40.14369921
Tehama,18.19,2013,-121.9741408,40.14369921
Tehama,12.13,2014,-121.9741408,40.14369921
Tehama,23.04,2015,-121.9741408,40.14369921
Tehama,26.56,2016,-121.9741408,40.14369921
Tehama,35.64,2017,-121.9741408,40.14369921
Tehama,17.76,2018,-121.9741408,40.14369921
Tehama,37.25,2019,-121.9741408,40.14369921
Tehama,14.92,2020,-121.9741408,40.14369921
Tehama,11.65,2021,-121.9741408,40.14369921
Tehama,20.0,2022,-121.9741408,40.14369921
Tehama,30.65,2023,-121.9741408,40.14369921
Lassen,5.23,1959,-120.1189434,41.00519195
Lassen,14.28,1960,-120.1189434,41.00519195
Lassen,6.75,1961,-120.1189434,41.00519195
Lassen,9.46,1962,-120.1189434,41.00519195
Lassen,13.86,1963,-120.1189434,41.00519195
Lassen,11.62,1964,-120.1189434,41.00519195
Lassen,15.07,1965,-120.1189434,41.00519195
Lassen,7.95,1966,-120.1189434,41.00519195
Lassen,11.03,1967,-120.1189434,41.00519195
Lassen,8.03,1968,-120.1189434,41.00519195
Lassen,14.33,1969,-120.1189434,41.00519195
Lassen,14.17,1970,-120.1189434,41.00519195
Lassen,20.88,1971,-120.1189434,41.00519195
Lassen,12.35,1972,-120.1189434,41.00519195
Lassen,15.52,1973,-120.1189434,41.00519195
Lassen,14.88,1974,-120.1189434,41.00519195
Lassen,17.27,1975,-120.1189434,41.00519195
Lassen,12.37,1976,-120.1189434,41.00519195
Lassen,10.27,1977,-120.1189434,41.00519195
Lassen,17.36,1978,-120.1189434,41.00519195
Lassen,11.41,1979,-120.1189434,41.00519195
Lassen,19.85,1980,-120.1189434,41.00519195
Lassen,14.1,1981,-120.1189434,41.00519195
Lassen,16.75,1982,-120.1189434,41.00519195
Lassen,19.4,1983,-120.1189434,41.00519195
Lassen,20.35,1984,-120.1189434,41.00519195
Lassen,12.73,1985,-120.1189434,41.00519195
Lassen,19.0,1986,-120.1189434,41.00519195
Lassen,11.2,1987,-120.1189434,41.00519195
Lassen,11.75,1988,-120.1189434,41.00519195
Lassen,15.6,1989,-120.1189434,41.00519195
Lassen,11.95,1990,-120.1189434,41.00519195
Lassen,12.85,1991,-120.1189434,41.00519195
Lassen,10.15,1992,-120.1189434,41.00519195
Lassen,19.38,1993,-120.1189434,41.00519195
Lassen,10.15,1994,-120.1189434,41.00519195
Lassen,22.6,1995,-120.1189434,41.00519195
Lassen,17.1,1996,-120.1189434,41.00519195
Lassen,16.15,1997,-120.1189434,41.00519195
Lassen,21.18,1998,-120.1189434,41.00519195
Lassen,13.3,1999,-120.1189434,41.00519195
Lassen,9.8,2000,-120.1189434,41.00519195
Lassen,8.0,2001,-120.1189434,41.00519195
Lassen,9.8,2002,-120.1189434,41.00519195
Lassen,12.65,2003,-120.1189434,41.00519195
Lassen,13.600000000000001,2004,-120.1189434,41.00519195
Lassen,14.55,2005,-120.1189434,41.00519195
Lassen,19.45,2006,-120.1189434,41.00519195
Lassen,10.66,2007,-120.1189434,41.00519195
Lassen,12.35,2008,-120.1189434,41.00519195
Lassen,13.05,2009,-120.1189434,41.00519195
Lassen,12.54,2010,-120.1189434,41.00519195
Lassen,19.96,2011,-120.1189434,41.00519195
Lassen,8.14,2012,-120.1189434,41.00519195
Lassen,11.54,2013,-120.1189434,41.00519195
Lassen,10.24,2014,-120.1189434,41.00519195
Lassen,12.63,2015,-120.1189434,41.00519195
Lassen,16.12,2016,-120.1189434,41.00519195
Lassen,20.32,2017,-120.1189434,41.00519195
Lassen,12.63,2018,-120.1189434,41.00519195
Lassen,18.46,2019,-120.1189434,41.00519195
Lassen,11.8,2020,-120.1189434,41.00519195
Lassen,14.313333333333334,2021,-120.1189434,41.00519195
Lassen,16.826666666666668,2022,-120.1189434,41.00519195
Lassen,19.34,2023,-120.1189434,41.00519195
Siskiyou,14.45,1957,-122.6730884,41.41243403
Siskiyou,24.25,1958,-122.6730884,41.41243403
Siskiyou,13.7,1959,-122.6730884,41.41243403
Siskiyou,12.5,1960,-122.6730884,41.41243403
Siskiyou,11.8,1961,-122.6730884,41.41243403
Siskiyou,12.756666666666668,1962,-122.6730884,41.41243403
Siskiyou,13.713333333333333,1963,-122.6730884,41.41243403
Siskiyou,14.67,1964,-122.6730884,41.41243403
Siskiyou,25.33,1965,-122.6730884,41.41243403
Siskiyou,19.25,1966,-122.6730884,41.41243403
Siskiyou,21.93,1967,-122.6730884,41.41243403
Siskiyou,15.48,1968,-122.6730884,41.41243403
Siskiyou,25.16,1969,-122.6730884,41.41243403
Siskiyou,18.11,1970,-122.6730884,41.41243403
Siskiyou,24.78,1971,-122.6730884,41.41243403
Siskiyou,21.27,1972,-122.6730884,41.41243403
Siskiyou,12.33,1973,-122.6730884,41.41243403
Siskiyou,26.95,1974,-122.6730884,41.41243403
Siskiyou,20.09,1975,-122.6730884,41.41243403
Siskiyou,18.25,1976,-122.6730884,41.41243403
Siskiyou,10.02,1977,-122.6730884,41.41243403
Siskiyou,25.56,1978,-122.6730884,41.41243403
Siskiyou,16.51,1979,-122.6730884,41.41243403
Siskiyou,22.75,1980,-122.6730884,41.41243403
Siskiyou,13.8,1981,-122.6730884,41.41243403
Siskiyou,29.3,1982,-122.6730884,41.41243403
Siskiyou,24.45,1983,-122.6730884,41.41243403
Siskiyou,19.6,1984,-122.6730884,41.41243403
Siskiyou,14.0,1985,-122.6730884,41.41243403
Siskiyou,22.65,1986,-122.6730884,41.41243403
Siskiyou,14.45,1987,-122.6730884,41.41243403
Siskiyou,16.85,1988,-122.6730884,41.41243403
Siskiyou,15.75,1989,-122.6730884,41.41243403
Siskiyou,14.5,1990,-122.6730884,41.41243403
Siskiyou,14.15,1991,-122.6730884,41.41243403
Siskiyou,12.92,1992,-122.6730884,41.41243403
Siskiyou,24.8,1993,-122.6730884,41.41243403
Siskiyou,10.5,1994,-122.6730884,41.41243403
Siskiyou,28.13,1995,-122.6730884,41.41243403
Siskiyou,23.744999999999997,1996,-122.6730884,41.41243403
Siskiyou,19.36,1997,-122.6730884,41.41243403
Siskiyou,35.17,1998,-122.6730884,41.41243403
Siskiyou,17.65,1999,-122.6730884,41.41243403
Siskiyou,15.75,2000,-122.6730884,41.41243403
Siskiyou,11.3,2001,-122.6730884,41.41243403
Siskiyou,13.75,2002,-122.6730884,41.41243403
Siskiyou,21.31,2003,-122.6730884,41.41243403
Siskiyou,18.0,2004,-122.6730884,41.41243403
Siskiyou,16.3,2005,-122.6730884,41.41243403
Siskiyou,26.45,2006,-122.6730884,41.41243403
Siskiyou,12.15,2007,-122.6730884,41.41243403
Siskiyou,15.19,2008,-122.6730884,41.41243403
Siskiyou,13.35,2009,-122.6730884,41.41243403
Siskiyou,16.7,2010,-122.6730884,41.41243403
Siskiyou,22.61,2011,-122.6730884,41.41243403
Siskiyou,14.93,2012,-122.6730884,41.41243403
Siskiyou,13.3,2013,-122.6730884,41.41243403
Siskiyou,9.98,2014,-122.6730884,41.41243403
Siskiyou,21.97,2015,-122.6730884,41.41243403
Siskiyou,20.42,2016,-122.6730884,41.41243403
Siskiyou,23.5,2017,-122.6730884,41.41243403
Siskiyou,12.87,2018,-122.6730884,41.41243403
Siskiyou,20.01,2019,-122.6730884,41.41243403
Siskiyou,11.35,2020,-122.6730884,41.41243403
Siskiyou,12.16,2021,-122.6730884,41.41243403
Siskiyou,11.32,2022,-122.6730884,41.41243403
Siskiyou,20.75,2023,-122.6730884,41.41243403
Plumas,29.4,1969,-120.3440615,40.106337
Plumas,22.33,1970,-120.3440615,40.106337
Plumas,26.54,1971,-120.3440615,40.106337
Plumas,14.5,1972,-120.3440615,40.106337
Plumas,15.92,1973,-120.3440615,40.106337
Plumas,22.09,1974,-120.3440615,40.106337
Plumas,18.82,1975,-120.3440615,40.106337
Plumas,12.51,1976,-120.3440615,40.106337
Plumas,8.89,1977,-120.3440615,40.106337
Plumas,18.1,1978,-120.3440615,40.106337
Plumas,12.87,1979,-120.3440615,40.106337
Plumas,22.29,1980,-120.3440615,40.106337
Plumas,11.9,1981,-120.3440615,40.106337
Plumas,26.07,1982,-120.3440615,40.106337
Plumas,31.85,1983,-120.3440615,40.106337
Plumas,19.35,1984,-120.3440615,40.106337
Plumas,15.92,1985,-120.3440615,40.106337
Plumas,21.47,1986,-120.3440615,40.106337
Plumas,11.48,1987,-120.3440615,40.106337
Plumas,13.7,1988,-120.3440615,40.106337
Plumas,15.92,1989,-120.3440615,40.106337
Plumas,17.4,1990,-120.3440615,40.106337
Plumas,13.6,1991,-120.3440615,40.106337
Plumas,12.2,1992,-120.3440615,40.106337
Plumas,20.56,1993,-120.3440615,40.106337
Plumas,7.27,1994,-120.3440615,40.106337
Plumas,36.68,1995,-120.3440615,40.106337
Plumas,22.3,1996,-120.3440615,40.106337
Plumas,24.95,1997,-120.3440615,40.106337
Plumas,22.85,1998,-120.3440615,40.106337
Plumas,21.25,1999,-120.3440615,40.106337
Plumas,13.8,2000,-120.3440615,40.106337
Plumas,7.45,2001,-120.3440615,40.106337
Plumas,15.0,2002,-120.3440615,40.106337
Plumas,13.4,2003,-120.3440615,40.106337
Plumas,13.5,2004,-120.3440615,40.106337
Plumas,16.35,2005,-120.3440615,40.106337
Plumas,6.55,2006,-120.3440615,40.106337
Plumas,11.51,2007,-120.3440615,40.106337
Plumas,12.58,2008,-120.3440615,40.106337
Plumas,19.35,2009,-120.3440615,40.106337
Plumas,14.9,2010,-120.3440615,40.106337
Plumas,24.3,2011,-120.3440615,40.106337
Plumas,10.28,2012,-120.3440615,40.106337
Plumas,16.19,2013,-120.3440615,40.106337
Plumas,10.23,2014,-120.3440615,40.106337
Plumas,14.88,2015,-120.3440615,40.106337
Plumas,19.25,2016,-120.3440615,40.106337
Plumas,35.25,2017,-120.3440615,40.106337
Plumas,20.91,2018,-120.3440615,40.106337
Plumas,24.13,2019,-120.3440615,40.106337
Plumas,10.09,2020,-120.3440615,40.106337
Plumas,16.23,2021,-120.3440615,40.106337
Plumas,22.37,2022,-120.3440615,40.106337
Plumas,28.51,2023,-120.3440615,40.106337
Tehama,24.6,1961,-122.0050631,40.22398201
Tehama,26.200000000000003,1962,-122.0050631,40.22398201
Tehama,27.8,1963,-122.0050631,40.22398201
Tehama,17.07,1964,-122.0050631,40.22398201
Tehama,28.58,1965,-122.0050631,40.22398201
Tehama,18.09,1966,-122.0050631,40.22398201
Tehama,34.82,1967,-122.0050631,40.22398201
Tehama,21.26,1968,-122.0050631,40.22398201
Tehama,38.81,1969,-122.0050631,40.22398201
Tehama,33.53,1970,-122.0050631,40.22398201
Tehama,29.34,1971,-122.0050631,40.22398201
Tehama,32.7,1972,-122.0050631,40.22398201
Tehama,36.06,1973,-122.0050631,40.22398201
Tehama,38.85,1974,-122.0050631,40.22398201
Tehama,30.82,1975,-122.0050631,40.22398201
Tehama,12.55,1976,-122.0050631,40.22398201
Tehama,15.27,1977,-122.0050631,40.22398201
Tehama,41.41,1978,-122.0050631,40.22398201
Tehama,21.93,1979,-122.0050631,40.22398201
Tehama,36.8,1980,-122.0050631,40.22398201
Tehama,20.4,1981,-122.0050631,40.22398201
Tehama,38.9,1982,-122.0050631,40.22398201
Tehama,54.0,1983,-122.0050631,40.22398201
Tehama,31.85,1984,-122.0050631,40.22398201
Tehama,19.05,1985,-122.0050631,40.22398201
Tehama,19.825000000000003,1986,-122.0050631,40.22398201
Tehama,20.6,1987,-122.0050631,40.22398201
Tehama,23.0,1988,-122.0050631,40.22398201
Tehama,22.92,1989,-122.0050631,40.22398201
Tehama,23.15,1990,-122.0050631,40.22398201
Tehama,18.25,1991,-122.0050631,40.22398201
Tehama,24.0,1992,-122.0050631,40.22398201
Tehama,39.05,1993,-122.0050631,40.22398201
Tehama,24.05,1994,-122.0050631,40.22398201
Tehama,45.0,1995,-122.0050631,40.22398201
Tehama,30.6,1996,-122.0050631,40.22398201
Tehama,28.65,1997,-122.0050631,40.22398201
Tehama,54.25,1998,-122.0050631,40.22398201
Tehama,22.2,1999,-122.0050631,40.22398201
Tehama,25.4,2000,-122.0050631,40.22398201
Tehama,17.85,2001,-122.0050631,40.22398201
Tehama,24.4,2002,-122.0050631,40.22398201
Tehama,33.2,2003,-122.0050631,40.22398201
Tehama,27.5,2004,-122.0050631,40.22398201
Tehama,35.15,2005,-122.0050631,40.22398201
Tehama,27.6,2006,-122.0050631,40.22398201
Tehama,15.8,2007,-122.0050631,40.22398201
Tehama,16.22,2008,-122.0050631,40.22398201
Tehama,21.45,2009,-122.0050631,40.22398201
Tehama,29.12,2010,-122.0050631,40.22398201
Tehama,33.05,2011,-122.0050631,40.22398201
Tehama,16.62,2012,-122.0050631,40.22398201
Tehama,23.22,2013,-122.0050631,40.22398201
Tehama,12.75,2014,-122.0050631,40.22398201
Tehama,23.94,2015,-122.0050631,40.22398201
Tehama,25.4,2016,-122.0050631,40.22398201
Tehama,39.48,2017,-122.0050631,40.22398201
Tehama,18.27,2018,-122.0050631,40.22398201
Tehama,39.7,2019,-122.0050631,40.22398201
Tehama,15.64,2020,-122.0050631,40.22398201
Tehama,12.44,2021,-122.0050631,40.22398201
Tehama,27.27,2022,-122.0050631,40.22398201
Tehama,39.87,2023,-122.0050631,40.22398201
Modoc,17.35,1959,-120.2387473,41.74829283
Modoc,13.93,1960,-120.2387473,41.74829283
Modoc,9.15,1961,-120.2387473,41.74829283
Modoc,10.71,1962,-120.2387473,41.74829283
Modoc,21.96,1963,-120.2387473,41.74829283
Modoc,15.13,1964,-120.2387473,41.74829283
Modoc,17.0,1965,-120.2387473,41.74829283
Modoc,11.03,1966,-120.2387473,41.74829283
Modoc,19.57,1967,-120.2387473,41.74829283
Modoc,13.69,1968,-120.2387473,41.74829283
Modoc,30.13,1969,-120.2387473,41.74829283
Modoc,20.59,1970,-120.2387473,41.74829283
Modoc,29.62,1971,-120.2387473,41.74829283
Modoc,17.67,1972,-120.2387473,41.74829283
Modoc,19.48,1973,-120.2387473,41.74829283
Modoc,20.83,1974,-120.2387473,41.74829283
Modoc,18.73,1975,-120.2387473,41.74829283
Modoc,16.45,1976,-120.2387473,41.74829283
Modoc,8.41,1977,-120.2387473,41.74829283
Modoc,25.71,1978,-120.2387473,41.74829283
Modoc,18.19,1979,-120.2387473,41.74829283
Modoc,26.17,1980,-120.2387473,41.74829283
Modoc,15.25,1981,-120.2387473,41.74829283
Modoc,35.85,1982,-120.2387473,41.74829283
Modoc,30.67,1983,-120.2387473,41.74829283
Modoc,28.55,1984,-120.2387473,41.74829283
Modoc,18.65,1985,-120.2387473,41.74829283
Modoc,27.42,1986,-120.2387473,41.74829283
Modoc,17.46,1987,-120.2387473,41.74829283
Modoc,21.8,1988,-120.2387473,41.74829283
Modoc,23.5,1989,-120.2387473,41.74829283
Modoc,22.7,1990,-120.2387473,41.74829283
Modoc,22.95,1991,-120.2387473,41.74829283
Modoc,17.4,1992,-120.2387473,41.74829283
Modoc,40.93,1993,-120.2387473,41.74829283
Modoc,19.92,1994,-120.2387473,41.74829283
Modoc,37.2,1995,-120.2387473,41.74829283
Modoc,32.85,1996,-120.2387473,41.74829283
Modoc,41.35,1997,-120.2387473,41.74829283
Modoc,40.87,1998,-120.2387473,41.74829283
Modoc,33.15,1999,-120.2387473,41.74829283
Modoc,22.9,2000,-120.2387473,41.74829283
Modoc,22.25,2001,-120.2387473,41.74829283
Modoc,31.15,2002,-120.2387473,41.74829283
Modoc,29.0,2003,-120.2387473,41.74829283
Modoc,26.15,2004,-120.2387473,41.74829283
Modoc,37.75,2005,-120.2387473,41.74829283
Modoc,38.8,2006,-120.2387473,41.74829283
Modoc,25.12,2007,-120.2387473,41.74829283
Modoc,34.06,2008,-120.2387473,41.74829283
Modoc,31.21,2009,-120.2387473,41.74829283
Modoc,31.13,2010,-120.2387473,41.74829283
Modoc,52.51,2011,-120.2387473,41.74829283
Modoc,24.64,2012,-120.2387473,41.74829283
Modoc,29.47,2013,-120.2387473,41.74829283
Modoc,26.12,2014,-120.2387473,41.74829283
Modoc,27.45,2015,-120.2387473,41.74829283
Modoc,41.85,2016,-120.2387473,41.74829283
Modoc,46.31,2017,-120.2387473,41.74829283
Modoc,30.34,2018,-120.2387473,41.74829283
Modoc,37.77,2019,-120.2387473,41.74829283
Modoc,30.75,2020,-120.2387473,41.74829283
Modoc,26.12,2021,-120.2387473,41.74829283
Modoc,33.77,2022,-120.2387473,41.74829283
Modoc,37.05,2023,-120.2387473,41.74829283
Plumas,26.68,1960,-120.7101746,40.22900551
Plumas,26.25,1961,-120.7101746,40.22900551
Plumas,30.49,1962,-120.7101746,40.22900551
Plumas,48.82,1963,-120.7101746,40.22900551
Plumas,25.84,1964,-120.7101746,40.22900551
Plumas,49.31,1965,-120.7101746,40.22900551
Plumas,23.69,1966,-120.7101746,40.22900551
Plumas,42.27,1967,-120.7101746,40.22900551
Plumas,30.43,1968,-120.7101746,40.22900551
Plumas,48.2,1969,-120.7101746,40.22900551
Plumas,43.05,1970,-120.7101746,40.22900551
Plumas,46.88,1971,-120.7101746,40.22900551
Plumas,33.27,1972,-120.7101746,40.22900551
Plumas,27.45,1973,-120.7101746,40.22900551
Plumas,54.07,1974,-120.7101746,40.22900551
Plumas,39.01,1975,-120.7101746,40.22900551
Plumas,21.48,1976,-120.7101746,40.22900551
Plumas,13.76,1977,-120.7101746,40.22900551
Plumas,37.38,1978,-120.7101746,40.22900551
Plumas,24.12,1979,-120.7101746,40.22900551
Plumas,38.11,1980,-120.7101746,40.22900551
Plumas,21.23,1981,-120.7101746,40.22900551
Plumas,55.5,1982,-120.7101746,40.22900551
Plumas,42.94,1983,-120.7101746,40.22900551
Plumas,38.17,1984,-120.7101746,40.22900551
Plumas,25.09,1985,-120.7101746,40.22900551
Plumas,43.87,1986,-120.7101746,40.22900551
Plumas,22.55,1987,-120.7101746,40.22900551
Plumas,16.68,1988,-120.7101746,40.22900551
Plumas,33.9,1989,-120.7101746,40.22900551
Plumas,24.59,1990,-120.7101746,40.22900551
Plumas,22.8,1991,-120.7101746,40.22900551
Plumas,14.92,1992,-120.7101746,40.22900551
Plumas,39.15,1993,-120.7101746,40.22900551
Plumas,16.87,1994,-120.7101746,40.22900551
Plumas,58.74,1995,-120.7101746,40.22900551
Plumas,38.2,1996,-120.7101746,40.22900551
Plumas,42.8,1997,-120.7101746,40.22900551
Plumas,41.24,1998,-120.7101746,40.22900551
Plumas,31.15,1999,-120.7101746,40.22900551
Plumas,28.1,2000,-120.7101746,40.22900551
Plumas,15.5,2001,-120.7101746,40.22900551
Plumas,24.3,2002,-120.7101746,40.22900551
Plumas,27.35,2003,-120.7101746,40.22900551
Plumas,26.4,2004,-120.7101746,40.22900551
Plumas,29.3,2005,-120.7101746,40.22900551
Plumas,50.75,2006,-120.7101746,40.22900551
Plumas,21.42,2007,-120.7101746,40.22900551
Plumas,22.21,2008,-120.7101746,40.22900551
Plumas,27.05,2009,-120.7101746,40.22900551
Plumas,22.49,2010,-120.7101746,40.22900551
Plumas,41.84,2011,-120.7101746,40.22900551
Plumas,21.62,2012,-120.7101746,40.22900551
Plumas,29.4,2013,-120.7101746,40.22900551
Plumas,20.44,2014,-120.7101746,40.22900551
Plumas,21.63,2015,-120.7101746,40.22900551
Plumas,34.95,2016,-120.7101746,40.22900551
Plumas,59.9,2017,-120.7101746,40.22900551
Plumas,25.6,2018,-120.7101746,40.22900551
Plumas,36.87,2019,-120.7101746,40.22900551
Plumas,20.27,2020,-120.7101746,40.22900551
Plumas,28.023333333333333,2021,-120.7101746,40.22900551
Plumas,35.77666666666667,2022,-120.7101746,40.22900551
Plumas,43.53,2023,-120.7101746,40.22900551
Plumas,13.2,1960,-120.2167467,39.96103001
Plumas,15.28,1961,-120.2167467,39.96103001
Plumas,17.36,1962,-120.2167467,39.96103001
Plumas,27.83,1963,-120.2167467,39.96103001
Plumas,15.95,1964,-120.2167467,39.96103001
Plumas,22.58,1965,-120.2167467,39.96103001
Plumas,11.31,1966,-120.2167467,39.96103001
Plumas,24.26,1967,-120.2167467,39.96103001
Plumas,12.54,1968,-120.2167467,39.96103001
Plumas,25.04,1969,-120.2167467,39.96103001
Plumas,23.8,1970,-120.2167467,39.96103001
Plumas,23.9,1971,-120.2167467,39.96103001
Plumas,13.34,1972,-120.2167467,39.96103001
Plumas,14.59,1973,-120.2167467,39.96103001
Plumas,20.61,1974,-120.2167467,39.96103001
Plumas,18.28,1975,-120.2167467,39.96103001
Plumas,11.14,1976,-120.2167467,39.96103001
Plumas,8.61,1977,-120.2167467,39.96103001
Plumas,20.7,1978,-120.2167467,39.96103001
Plumas,12.14,1979,-120.2167467,39.96103001
Plumas,23.75,1980,-120.2167467,39.96103001
Plumas,12.24,1981,-120.2167467,39.96103001
Plumas,31.73,1982,-120.2167467,39.96103001
Plumas,35.21,1983,-120.2167467,39.96103001
Plumas,21.61,1984,-120.2167467,39.96103001
Plumas,13.87,1985,-120.2167467,39.96103001
Plumas,27.74,1986,-120.2167467,39.96103001
Plumas,12.6,1987,-120.2167467,39.96103001
Plumas,9.57,1988,-120.2167467,39.96103001
Plumas,18.84,1989,-120.2167467,39.96103001
Plumas,12.55,1990,-120.2167467,39.96103001
Plumas,14.3,1991,-120.2167467,39.96103001
Plumas,10.1,1992,-120.2167467,39.96103001
Plumas,16.71,1993,-120.2167467,39.96103001
Plumas,6.83,1994,-120.2167467,39.96103001
Plumas,35.47,1995,-120.2167467,39.96103001
Plumas,21.6,1996,-120.2167467,39.96103001
Plumas,24.75,1997,-120.2167467,39.96103001
Plumas,24.33,1998,-120.2167467,39.96103001
Plumas,19.3,1999,-120.2167467,39.96103001
Plumas,14.8,2000,-120.2167467,39.96103001
Plumas,6.6,2001,-120.2167467,39.96103001
Plumas,11.65,2002,-120.2167467,39.96103001
Plumas,13.0,2003,-120.2167467,39.96103001
Plumas,12.9,2004,-120.2167467,39.96103001
Plumas,15.05,2005,-120.2167467,39.96103001
Plumas,26.35,2006,-120.2167467,39.96103001
Plumas,9.77,2007,-120.2167467,39.96103001
Plumas,10.88,2008,-120.2167467,39.96103001
Plumas,14.15,2009,-120.2167467,39.96103001
Plumas,14.11,2010,-120.2167467,39.96103001
Plumas,26.46,2011,-120.2167467,39.96103001
Plumas,11.44,2012,-120.2167467,39.96103001
Plumas,14.19,2013,-120.2167467,39.96103001
Plumas,8.86,2014,-120.2167467,39.96103001
Plumas,14.29,2015,-120.2167467,39.96103001
Plumas,18.23,2016,-120.2167467,39.96103001
Plumas,39.08,2017,-120.2167467,39.96103001
Plumas,19.68,2018,-120.2167467,39.96103001
Plumas,21.79,2019,-120.2167467,39.96103001
Plumas,9.63,2020,-120.2167467,39.96103001
Plumas,16.04,2021,-120.2167467,39.96103001
Plumas,22.45,2022,-120.2167467,39.96103001
Plumas,28.86,2023,-120.2167467,39.96103001
Modoc,16.5,1959,-121.4156622,41.47376506
Modoc,19.22,1960,-121.4156622,41.47376506
Modoc,20.05,1961,-121.4156622,41.47376506
Modoc,23.65,1962,-121.4156622,41.47376506
Modoc,36.27,1963,-121.4156622,41.47376506
Modoc,20.31,1964,-121.4156622,41.47376506
Modoc,34.03,1965,-121.4156622,41.47376506
Modoc,20.59,1966,-121.4156622,41.47376506
Modoc,29.07,1967,-121.4156622,41.47376506
Modoc,23.48,1968,-121.4156622,41.47376506
Modoc,35.9,1969,-121.4156622,41.47376506
Modoc,34.36,1970,-121.4156622,41.47376506
Modoc,33.63,1971,-121.4156622,41.47376506
Modoc,25.42,1972,-121.4156622,41.47376506
Modoc,25.11,1973,-121.4156622,41.47376506
Modoc,43.31,1974,-121.4156622,41.47376506
Modoc,17.08,1975,-121.4156622,41.47376506
Modoc,20.81,1976,-121.4156622,41.47376506
Modoc,11.28,1977,-121.4156622,41.47376506
Modoc,38.11,1978,-121.4156622,41.47376506
Modoc,21.3,1979,-121.4156622,41.47376506
Modoc,34.95,1980,-121.4156622,41.47376506
Modoc,25.85,1981,-121.4156622,41.47376506
Modoc,48.6,1982,-121.4156622,41.47376506
Modoc,41.4,1983,-121.4156622,41.47376506
Modoc,29.15,1984,-121.4156622,41.47376506
Modoc,18.65,1985,-121.4156622,41.47376506
Modoc,35.55,1986,-121.4156622,41.47376506
Modoc,18.3,1987,-121.4156622,41.47376506
Modoc,20.9,1988,-121.4156622,41.47376506
Modoc,25.95,1989,-121.4156622,41.47376506
Modoc,22.45,1990,-121.4156622,41.47376506
Modoc,18.0,1991,-121.4156622,41.47376506
Modoc,13.31,1992,-121.4156622,41.47376506
Modoc,38.45,1993,-121.4156622,41.47376506
Modoc,17.81,1994,-121.4156622,41.47376506
Modoc,43.35,1995,-121.4156622,41.47376506
Modoc,49.8,1996,-121.4156622,41.47376506
Modoc,34.05,1997,-121.4156622,41.47376506
Modoc,45.6,1998,-121.4156622,41.47376506
Modoc,30.75,1999,-121.4156622,41.47376506
Modoc,22.65,2000,-121.4156622,41.47376506
Modoc,14.15,2001,-121.4156622,41.47376506
Modoc,20.4,2002,-121.4156622,41.47376506
Modoc,36.16,2003,-121.4156622,41.47376506
Modoc,24.0,2004,-121.4156622,41.47376506
Modoc,28.9,2005,-121.4156622,41.47376506
Modoc,38.9,2006,-121.4156622,41.47376506
Modoc,18.29,2007,-121.4156622,41.47376506
Modoc,21.17,2008,-121.4156622,41.47376506
Modoc,20.95,2009,-121.4156622,41.47376506
Modoc,27.7,2010,-121.4156622,41.47376506
Modoc,31.06,2011,-121.4156622,41.47376506
Modoc,20.55,2012,-121.4156622,41.47376506
Modoc,30.14,2013,-121.4156622,41.47376506
Modoc,15.26,2014,-121.4156622,41.47376506
Modoc,25.12,2015,-121.4156622,41.47376506
Modoc,35.49,2016,-121.4156622,41.47376506
Modoc,52.06,2017,-121.4156622,41.47376506
Modoc,24.2,2018,-121.4156622,41.47376506
Modoc,36.74,2019,-121.4156622,41.47376506
Modoc,16.98,2020,-121.4156622,41.47376506
Modoc,17.52,2021,-121.4156622,41.47376506
Modoc,21.07,2022,-121.4156622,41.47376506
Modoc,35.59,2023,-121.4156622,41.47376506
Tehama,15.35,1945,-121.6762342,40.18469437
Tehama,40.4,1946,-121.6762342,40.18469437
Tehama,28.36,1947,-121.6762342,40.18469437
Tehama,49.73,1948,-121.6762342,40.18469437
Tehama,26.15,1949,-121.6762342,40.18469437
Tehama,31.93,1950,-121.6762342,40.18469437
Tehama,43.6,1951,-121.6762342,40.18469437
Tehama,55.82,1952,-121.6762342,40.18469437
Tehama,40.58,1953,-121.6762342,40.18469437
Tehama,41.51,1954,-121.6762342,40.18469437
Tehama,26.96,1955,-121.6762342,40.18469437
Tehama,56.78,1956,-121.6762342,40.18469437
Tehama,35.73,1957,-121.6762342,40.18469437
Tehama,64.04,1958,-121.6762342,40.18469437
Tehama,16.43,1959,-121.6762342,40.18469437
Tehama,16.45,1960,-121.6762342,40.18469437
Tehama,34.3,1961,-121.6762342,40.18469437
Tehama,40.98,1962,-121.6762342,40.18469437
Tehama,50.78,1963,-121.6762342,40.18469437
Tehama,28.5,1964,-121.6762342,40.18469437
Tehama,47.97,1965,-121.6762342,40.18469437
Tehama,30.58,1966,-121.6762342,40.18469437
Tehama,52.32,1967,-121.6762342,40.18469437
Tehama,28.58,1968,-121.6762342,40.18469437
Tehama,57.55,1969,-121.6762342,40.18469437
Tehama,55.34,1970,-121.6762342,40.18469437
Tehama,46.59,1971,-121.6762342,40.18469437
Tehama,28.71,1972,-121.6762342,40.18469437
Tehama,49.93,1973,-121.6762342,40.18469437
Tehama,66.49,1974,-121.6762342,40.18469437
Tehama,42.82,1975,-121.6762342,40.18469437
Tehama,26.9,1976,-121.6762342,40.18469437
Tehama,16.87,1977,-121.6762342,40.18469437
Tehama,63.37,1978,-121.6762342,40.18469437
Tehama,30.66,1979,-121.6762342,40.18469437
Tehama,53.65,1980,-121.6762342,40.18469437
Tehama,35.05,1981,-121.6762342,40.18469437
Tehama,61.75,1982,-121.6762342,40.18469437
Tehama,74.95,1983,-121.6762342,40.18469437
Tehama,47.95,1984,-121.6762342,40.18469437
Tehama,29.5,1985,-121.6762342,40.18469437
Tehama,59.02,1986,-121.6762342,40.18469437
Tehama,33.48,1987,-121.6762342,40.18469437
Tehama,37.0,1988,-121.6762342,40.18469437
Tehama,41.8,1989,-121.6762342,40.18469437
Tehama,39.05,1990,-121.6762342,40.18469437
Tehama,30.25,1991,-121.6762342,40.18469437
Tehama,37.15,1992,-121.6762342,40.18469437
Tehama,57.65,1993,-121.6762342,40.18469437
Tehama,30.35,1994,-121.6762342,40.18469437
Tehama,77.4,1995,-121.6762342,40.18469437
Tehama,53.8,1996,-121.6762342,40.18469437
Tehama,57.75,1997,-121.6762342,40.18469437
Tehama,74.9,1998,-121.6762342,40.18469437
Tehama,54.45,1999,-121.6762342,40.18469437
Tehama,45.4,2000,-121.6762342,40.18469437
Tehama,24.95,2001,-121.6762342,40.18469437
Tehama,35.6,2002,-121.6762342,40.18469437
Tehama,43.45,2003,-121.6762342,40.18469437
Tehama,32.95,2004,-121.6762342,40.18469437
Tehama,36.65,2005,-121.6762342,40.18469437
Tehama,61.4,2006,-121.6762342,40.18469437
Tehama,49.18,2007,-121.6762342,40.18469437
Tehama,28.09,2008,-121.6762342,40.18469437
Tehama,38.05,2009,-121.6762342,40.18469437
Tehama,47.48,2010,-121.6762342,40.18469437
Tehama,58.6,2011,-121.6762342,40.18469437
Tehama,33.23,2012,-121.6762342,40.18469437
Tehama,35.99,2013,-121.6762342,40.18469437
Tehama,25.64,2014,-121.6762342,40.18469437
Tehama,29.43,2015,-121.6762342,40.18469437
Tehama,50.54,2016,-121.6762342,40.18469437
Tehama,68.88,2017,-121.6762342,40.18469437
Tehama,38.14,2018,-121.6762342,40.18469437
Tehama,58.82,2019,-121.6762342,40.18469437
Tehama,24.99,2020,-121.6762342,40.18469437
Tehama,36.776666666666664,2021,-121.6762342,40.18469437
Tehama,48.56333333333333,2022,-121.6762342,40.18469437
Tehama,60.35,2023,-121.6762342,40.18469437
Siskiyou,34.86,1947,-121.6164207,41.58738047
Siskiyou,49.31,1948,-121.6164207,41.58738047
Siskiyou,25.15,1949,-121.6164207,41.58738047
Siskiyou,31.3,1950,-121.6164207,41.58738047
Siskiyou,47.21,1951,-121.6164207,41.58738047
Siskiyou,53.83,1952,-121.6164207,41.58738047
Siskiyou,44.06,1953,-121.6164207,41.58738047
Siskiyou,45.59,1954,-121.6164207,41.58738047
Siskiyou,53.455,1955,-121.6164207,41.58738047
Siskiyou,61.32,1956,-121.6164207,41.58738047
Siskiyou,41.5,1957,-121.6164207,41.58738047
Siskiyou,60.9,1958,-121.6164207,41.58738047
Siskiyou,39.65,1959,-121.6164207,41.58738047
Siskiyou,36.57,1960,-121.6164207,41.58738047
Siskiyou,42.77,1961,-121.6164207,41.58738047
Siskiyou,43.89,1962,-121.6164207,41.58738047
Siskiyou,67.0,1963,-121.6164207,41.58738047
Siskiyou,37.5,1964,-121.6164207,41.58738047
Siskiyou,56.9,1965,-121.6164207,41.58738047
Siskiyou,39.2,1966,-121.6164207,41.58738047
Siskiyou,60.3,1967,-121.6164207,41.58738047
Siskiyou,37.19,1968,-121.6164207,41.58738047
Siskiyou,52.13,1969,-121.6164207,41.58738047
Siskiyou,51.49,1970,-121.6164207,41.58738047
Siskiyou,52.63,1971,-121.6164207,41.58738047
Siskiyou,44.08,1972,-121.6164207,41.58738047
Siskiyou,41.57,1973,-121.6164207,41.58738047
Siskiyou,83.27,1974,-121.6164207,41.58738047
Siskiyou,43.25,1975,-121.6164207,41.58738047
Siskiyou,35.57,1976,-121.6164207,41.58738047
Siskiyou,21.13,1977,-121.6164207,41.58738047
Siskiyou,59.04,1978,-121.6164207,41.58738047
Siskiyou,33.25,1979,-121.6164207,41.58738047
Siskiyou,44.55,1980,-121.6164207,41.58738047
Siskiyou,35.8,1981,-121.6164207,41.58738047
Siskiyou,75.45,1982,-121.6164207,41.58738047
Siskiyou,61.645,1983,-121.6164207,41.58738047
Siskiyou,47.84,1984,-121.6164207,41.58738047
Siskiyou,32.9,1985,-121.6164207,41.58738047
Siskiyou,56.68,1986,-121.6164207,41.58738047
Siskiyou,34.73,1987,-121.6164207,41.58738047
Siskiyou,39.55,1988,-121.6164207,41.58738047
Siskiyou,40.3,1989,-121.6164207,41.58738047
Siskiyou,42.05,1990,-121.6164207,41.58738047
Siskiyou,31.95,1991,-121.6164207,41.58738047
Siskiyou,28.63,1992,-121.6164207,41.58738047
Siskiyou,66.61,1993,-121.6164207,41.58738047
Siskiyou,31.87,1994,-121.6164207,41.58738047
Siskiyou,59.02,1995,-121.6164207,41.58738047
Siskiyou,54.55,1996,-121.6164207,41.58738047
Siskiyou,55.35,1997,-121.6164207,41.58738047
Siskiyou,78.09,1998,-121.6164207,41.58738047
Siskiyou,39.1,1999,-121.6164207,41.58738047
Siskiyou,44.25,2000,-121.6164207,41.58738047
Siskiyou,15.15,2001,-121.6164207,41.58738047
Siskiyou,33.75,2002,-121.6164207,41.58738047
Siskiyou,42.26,2003,-121.6164207,41.58738047
Siskiyou,37.65,2004,-121.6164207,41.58738047
Siskiyou,23.7,2005,-121.6164207,41.58738047
Siskiyou,34.8,2006,-121.6164207,41.58738047
Siskiyou,40.9,2007,-121.6164207,41.58738047
Siskiyou,19.17,2008,-121.6164207,41.58738047
Siskiyou,40.25,2009,-121.6164207,41.58738047
Siskiyou,42.45,2010,-121.6164207,41.58738047
Siskiyou,51.32,2011,-121.6164207,41.58738047
Siskiyou,31.06,2012,-121.6164207,41.58738047
Siskiyou,36.18,2013,-121.6164207,41.58738047
Siskiyou,20.14,2014,-121.6164207,41.58738047
Siskiyou,27.32,2015,-121.6164207,41.58738047
Siskiyou,38.81,2016,-121.6164207,41.58738047
Siskiyou,53.34,2017,-121.6164207,41.58738047
Siskiyou,26.47,2018,-121.6164207,41.58738047
Siskiyou,29.75,2019,-121.6164207,41.58738047
Siskiyou,25.04,2020,-121.6164207,41.58738047
Siskiyou,18.72,2021,-121.6164207,41.58738047
Siskiyou,24.65,2022,-121.6164207,41.58738047
Siskiyou,17.93,2023,-121.6164207,41.58738047
Plumas,55.15,1965,-120.8800745,40.04104651
Plumas,33.8,1966,-120.8800745,40.04104651
Plumas,59.04,1967,-120.8800745,40.04104651
Plumas,41.78,1968,-120.8800745,40.04104651
Plumas,63.8,1969,-120.8800745,40.04104651
Plumas,55.16,1970,-120.8800745,40.04104651
Plumas,63.15,1971,-120.8800745,40.04104651
Plumas,48.11,1972,-120.8800745,40.04104651
Plumas,49.24,1973,-120.8800745,40.04104651
Plumas,68.84,1974,-120.8800745,40.04104651
Plumas,56.29,1975,-120.8800745,40.04104651
Plumas,25.53,1976,-120.8800745,40.04104651
Plumas,20.42,1977,-120.8800745,40.04104651
Plumas,65.67,1978,-120.8800745,40.04104651
Plumas,43.39,1979,-120.8800745,40.04104651
Plumas,58.27,1980,-120.8800745,40.04104651
Plumas,35.46,1981,-120.8800745,40.04104651
Plumas,74.68,1982,-120.8800745,40.04104651
Plumas,83.73,1983,-120.8800745,40.04104651
Plumas,50.29,1984,-120.8800745,40.04104651
Plumas,35.32,1985,-120.8800745,40.04104651
Plumas,57.59,1986,-120.8800745,40.04104651
Plumas,32.59,1987,-120.8800745,40.04104651
Plumas,29.09,1988,-120.8800745,40.04104651
Plumas,45.73,1989,-120.8800745,40.04104651
Plumas,39.79,1990,-120.8800745,40.04104651
Plumas,39.13,1991,-120.8800745,40.04104651
Plumas,29.25,1992,-120.8800745,40.04104651
Plumas,66.58,1993,-120.8800745,40.04104651
Plumas,30.66,1994,-120.8800745,40.04104651
Plumas,85.24,1995,-120.8800745,40.04104651
Plumas,53.65,1996,-120.8800745,40.04104651
Plumas,59.6,1997,-120.8800745,40.04104651
Plumas,70.38,1998,-120.8800745,40.04104651
Plumas,50.05,1999,-120.8800745,40.04104651
Plumas,48.05,2000,-120.8800745,40.04104651
Plumas,29.9,2001,-120.8800745,40.04104651
Plumas,37.95,2002,-120.8800745,40.04104651
Plumas,47.15,2003,-120.8800745,40.04104651
Plumas,45.65,2004,-120.8800745,40.04104651
Plumas,52.45,2005,-120.8800745,40.04104651
Plumas,66.65,2006,-120.8800745,40.04104651
Plumas,37.12,2007,-120.8800745,40.04104651
Plumas,34.76,2008,-120.8800745,40.04104651
Plumas,43.4,2009,-120.8800745,40.04104651
Plumas,44.57,2010,-120.8800745,40.04104651
Plumas,73.15,2011,-120.8800745,40.04104651
Plumas,35.8,2012,-120.8800745,40.04104651
Plumas,39.4,2013,-120.8800745,40.04104651
Plumas,25.77,2014,-120.8800745,40.04104651
Plumas,29.39,2015,-120.8800745,40.04104651
Plumas,51.42,2016,-120.8800745,40.04104651
Plumas,78.78,2017,-120.8800745,40.04104651
Plumas,40.02,2018,-120.8800745,40.04104651
Plumas,61.04,2019,-120.8800745,40.04104651
Plumas,34.82,2020,-120.8800745,40.04104651
Plumas,48.56666666666667,2021,-120.8800745,40.04104651
Plumas,62.31333333333333,2022,-120.8800745,40.04104651
Plumas,76.06,2023,-120.8800745,40.04104651
Siskiyou,63.64,1948,-122.2339878,41.36229015
Siskiyou,51.16,1949,-122.2339878,41.36229015
Siskiyou,51.19,1950,-122.2339878,41.36229015
Siskiyou,65.94,1951,-122.2339878,41.36229015
Siskiyou,84.21,1952,-122.2339878,41.36229015
Siskiyou,73.94,1953,-122.2339878,41.36229015
Siskiyou,67.84,1954,-122.2339878,41.36229015
Siskiyou,44.5,1955,-122.2339878,41.36229015
Siskiyou,87.5,1956,-122.2339878,41.36229015
Siskiyou,61.0,1957,-122.2339878,41.36229015
Siskiyou,110.98,1958,-122.2339878,41.36229015
Siskiyou,60.7,1959,-122.2339878,41.36229015
Siskiyou,46.05,1960,-122.2339878,41.36229015
Siskiyou,68.4,1961,-122.2339878,41.36229015
Siskiyou,49.77,1962,-122.2339878,41.36229015
Siskiyou,95.6,1963,-122.2339878,41.36229015
Siskiyou,49.24,1964,-122.2339878,41.36229015
Siskiyou,66.27,1965,-122.2339878,41.36229015
Siskiyou,66.6,1966,-122.2339878,41.36229015
Siskiyou,83.23,1967,-122.2339878,41.36229015
Siskiyou,50.33,1968,-122.2339878,41.36229015
Siskiyou,77.05,1969,-122.2339878,41.36229015
Siskiyou,65.09,1970,-122.2339878,41.36229015
Siskiyou,74.38,1971,-122.2339878,41.36229015
Siskiyou,56.04,1972,-122.2339878,41.36229015
Siskiyou,64.18,1973,-122.2339878,41.36229015
Siskiyou,96.65,1974,-122.2339878,41.36229015
Siskiyou,67.34,1975,-122.2339878,41.36229015
Siskiyou,45.64,1976,-122.2339878,41.36229015
Siskiyou,23.94,1977,-122.2339878,41.36229015
Siskiyou,113.09,1978,-122.2339878,41.36229015
Siskiyou,49.8,1979,-122.2339878,41.36229015
Siskiyou,67.9,1980,-122.2339878,41.36229015
Siskiyou,53.35,1981,-122.2339878,41.36229015
Siskiyou,86.8,1982,-122.2339878,41.36229015
Siskiyou,136.85,1983,-122.2339878,41.36229015
Siskiyou,68.7,1984,-122.2339878,41.36229015
Siskiyou,45.83,1985,-122.2339878,41.36229015
Siskiyou,74.48,1986,-122.2339878,41.36229015
Siskiyou,51.9,1987,-122.2339878,41.36229015
Siskiyou,66.0,1988,-122.2339878,41.36229015
Siskiyou,58.3,1989,-122.2339878,41.36229015
Siskiyou,49.85,1990,-122.2339878,41.36229015
Siskiyou,41.93,1991,-122.2339878,41.36229015
Siskiyou,55.31,1992,-122.2339878,41.36229015
Siskiyou,80.04,1993,-122.2339878,41.36229015
Siskiyou,40.49,1994,-122.2339878,41.36229015
Siskiyou,95.92,1995,-122.2339878,41.36229015
Siskiyou,67.36,1996,-122.2339878,41.36229015
Siskiyou,75.45,1997,-122.2339878,41.36229015
Siskiyou,100.25,1998,-122.2339878,41.36229015
Siskiyou,54.8,1999,-122.2339878,41.36229015
Siskiyou,69.55,2000,-122.2339878,41.36229015
Siskiyou,45.6,2001,-122.2339878,41.36229015
Siskiyou,55.8,2002,-122.2339878,41.36229015
Siskiyou,74.5,2003,-122.2339878,41.36229015
Siskiyou,66.25,2004,-122.2339878,41.36229015
Siskiyou,78.7,2005,-122.2339878,41.36229015
Siskiyou,78.8,2006,-122.2339878,41.36229015
Siskiyou,49.62,2007,-122.2339878,41.36229015
Siskiyou,44.16,2008,-122.2339878,41.36229015
Siskiyou,43.75,2009,-122.2339878,41.36229015
Siskiyou,69.19,2010,-122.2339878,41.36229015
Siskiyou,79.98,2011,-122.2339878,41.36229015
Siskiyou,52.56,2012,-122.2339878,41.36229015
Siskiyou,57.72,2013,-122.2339878,41.36229015
Siskiyou,22.51,2014,-122.2339878,41.36229015
Siskiyou,51.91,2015,-122.2339878,41.36229015
Siskiyou,68.75,2016,-122.2339878,41.36229015
Siskiyou,105.55,2017,-122.2339878,41.36229015
Siskiyou,35.04,2018,-122.2339878,41.36229015
Siskiyou,71.39,2019,-122.2339878,41.36229015
Siskiyou,29.27,2020,-122.2339878,41.36229015
Siskiyou,20.81,2021,-122.2339878,41.36229015
Siskiyou,38.71,2022,-122.2339878,41.36229015
Siskiyou,103.44,2023,-122.2339878,41.36229015
Trinity,40.46,1947,-122.5252501,41.19790746
Trinity,61.68,1948,-122.5252501,41.19790746
Trinity,42.86,1949,-122.5252501,41.19790746
Trinity,33.4,1950,-122.5252501,41.19790746
Trinity,56.61,1951,-122.5252501,41.19790746
Trinity,58.75,1952,-122.5252501,41.19790746
Trinity,67.63,1953,-122.5252501,41.19790746
Trinity,67.8,1954,-122.5252501,41.19790746
Trinity,31.3,1955,-122.5252501,41.19790746
Trinity,77.05,1956,-122.5252501,41.19790746
Trinity,50.21,1957,-122.5252501,41.19790746
Trinity,94.85,1958,-122.5252501,41.19790746
Trinity,45.65,1959,-122.5252501,41.19790746
Trinity,54.15,1960,-122.5252501,41.19790746
Trinity,56.6,1961,-122.5252501,41.19790746
Trinity,50.71,1962,-122.5252501,41.19790746
Trinity,68.91,1963,-122.5252501,41.19790746
Trinity,40.68,1964,-122.5252501,41.19790746
Trinity,63.52,1965,-122.5252501,41.19790746
Trinity,57.09,1966,-122.5252501,41.19790746
Trinity,70.54,1967,-122.5252501,41.19790746
Trinity,49.2,1968,-122.5252501,41.19790746
Trinity,72.66,1969,-122.5252501,41.19790746
Trinity,65.37,1970,-122.5252501,41.19790746
Trinity,69.23,1971,-122.5252501,41.19790746
Trinity,54.4,1972,-122.5252501,41.19790746
Trinity,55.44,1973,-122.5252501,41.19790746
Trinity,102.16,1974,-122.5252501,41.19790746
Trinity,72.47,1975,-122.5252501,41.19790746
Trinity,41.64,1976,-122.5252501,41.19790746
Trinity,22.34,1977,-122.5252501,41.19790746
Trinity,78.77,1978,-122.5252501,41.19790746
Trinity,40.75,1979,-122.5252501,41.19790746
Trinity,65.8,1980,-122.5252501,41.19790746
Trinity,44.3,1981,-122.5252501,41.19790746
Trinity,81.65,1982,-122.5252501,41.19790746
Trinity,93.83,1983,-122.5252501,41.19790746
Trinity,58.25,1984,-122.5252501,41.19790746
Trinity,41.8,1985,-122.5252501,41.19790746
Trinity,70.37,1986,-122.5252501,41.19790746
Trinity,49.88,1987,-122.5252501,41.19790746
Trinity,49.35,1988,-122.5252501,41.19790746
Trinity,51.0,1989,-122.5252501,41.19790746
Trinity,37.9,1990,-122.5252501,41.19790746
Trinity,33.02,1991,-122.5252501,41.19790746
Trinity,47.6,1992,-122.5252501,41.19790746
Trinity,76.67,1993,-122.5252501,41.19790746
Trinity,46.33,1994,-122.5252501,41.19790746
Trinity,81.0,1995,-122.5252501,41.19790746
Trinity,70.4,1996,-122.5252501,41.19790746
Trinity,62.55,1997,-122.5252501,41.19790746
Trinity,90.65,1998,-122.5252501,41.19790746
Trinity,48.4,1999,-122.5252501,41.19790746
Trinity,43.95,2000,-122.5252501,41.19790746
Trinity,26.8,2001,-122.5252501,41.19790746
Trinity,54.85,2002,-122.5252501,41.19790746
Trinity,56.2,2003,-122.5252501,41.19790746
Trinity,54.55,2004,-122.5252501,41.19790746
Trinity,74.9,2005,-122.5252501,41.19790746
Trinity,85.25,2006,-122.5252501,41.19790746
Trinity,40.13,2007,-122.5252501,41.19790746
Trinity,49.05,2008,-122.5252501,41.19790746
Trinity,46.65,2009,-122.5252501,41.19790746
Trinity,66.66,2010,-122.5252501,41.19790746
Trinity,79.78,2011,-122.5252501,41.19790746
Trinity,48.32,2012,-122.5252501,41.19790746
Trinity,50.49,2013,-122.5252501,41.19790746
Trinity,30.55,2014,-122.5252501,41.19790746
Trinity,49.88,2015,-122.5252501,41.19790746
Trinity,67.66,2016,-122.5252501,41.19790746
Trinity,90.41,2017,-122.5252501,41.19790746
Trinity,38.67,2018,-122.5252501,41.19790746
Trinity,68.82,2019,-122.5252501,41.19790746
Trinity,35.52,2020,-122.5252501,41.19790746
Trinity,34.38,2021,-122.5252501,41.19790746
Trinity,41.39,2022,-122.5252501,41.19790746
Trinity,66.96,2023,-122.5252501,41.19790746
Plumas,55.73,1960,-120.884227,39.79926234
Plumas,43.58,1961,-120.884227,39.79926234
Plumas,48.1,1962,-120.884227,39.79926234
Plumas,78.66,1963,-120.884227,39.79926234
Plumas,45.19,1964,-120.884227,39.79926234
Plumas,77.15,1965,-120.884227,39.79926234
Plumas,46.43,1966,-120.884227,39.79926234
Plumas,78.45,1967,-120.884227,39.79926234
Plumas,51.22,1968,-120.884227,39.79926234
Plumas,83.01,1969,-120.884227,39.79926234
Plumas,74.39,1970,-120.884227,39.79926234
Plumas,67.99,1971,-120.884227,39.79926234
Plumas,50.87,1972,-120.884227,39.79926234
Plumas,65.44,1973,-120.884227,39.79926234
Plumas,99.38,1974,-120.884227,39.79926234
Plumas,58.66,1975,-120.884227,39.79926234
Plumas,37.11,1976,-120.884227,39.79926234
Plumas,25.02,1977,-120.884227,39.79926234
Plumas,82.66,1978,-120.884227,39.79926234
Plumas,52.41,1979,-120.884227,39.79926234
Plumas,72.53,1980,-120.884227,39.79926234
Plumas,45.38,1981,-120.884227,39.79926234
Plumas,107.97,1982,-120.884227,39.79926234
Plumas,121.35,1983,-120.884227,39.79926234
Plumas,70.63,1984,-120.884227,39.79926234
Plumas,39.48,1985,-120.884227,39.79926234
Plumas,76.65,1986,-120.884227,39.79926234
Plumas,41.72,1987,-120.884227,39.79926234
Plumas,40.37,1988,-120.884227,39.79926234
Plumas,59.91,1989,-120.884227,39.79926234
Plumas,46.7,1990,-120.884227,39.79926234
Plumas,42.05,1991,-120.884227,39.79926234
Plumas,35.2,1992,-120.884227,39.79926234
Plumas,67.55,1993,-120.884227,39.79926234
Plumas,37.35,1994,-120.884227,39.79926234
Plumas,101.4,1995,-120.884227,39.79926234
Plumas,64.83,1996,-120.884227,39.79926234
Plumas,66.81,1997,-120.884227,39.79926234
Plumas,68.6,1998,-120.884227,39.79926234
Plumas,21.4,1999,-120.884227,39.79926234
Plumas,32.2,2000,-120.884227,39.79926234
Plumas,34.9,2001,-120.884227,39.79926234
Plumas,44.6,2002,-120.884227,39.79926234
Plumas,57.2,2003,-120.884227,39.79926234
Plumas,50.5,2004,-120.884227,39.79926234
Plumas,65.4,2005,-120.884227,39.79926234
Plumas,84.6,2006,-120.884227,39.79926234
Plumas,40.61,2007,-120.884227,39.79926234
Plumas,20.46,2008,-120.884227,39.79926234
Plumas,56.35,2009,-120.884227,39.79926234
Plumas,47.8,2010,-120.884227,39.79926234
Plumas,109.67,2011,-120.884227,39.79926234
Plumas,39.69,2012,-120.884227,39.79926234
Plumas,47.96,2013,-120.884227,39.79926234
Plumas,28.33,2014,-120.884227,39.79926234
Plumas,40.0,2015,-120.884227,39.79926234
Plumas,55.63,2016,-120.884227,39.79926234
Plumas,92.71,2017,-120.884227,39.79926234
Plumas,45.99,2018,-120.884227,39.79926234
Plumas,59.95,2019,-120.884227,39.79926234
Plumas,34.16,2020,-120.884227,39.79926234
Plumas,20.61,2021,-120.884227,39.79926234
Plumas,42.51,2022,-120.884227,39.79926234
Plumas,60.66,2023,-120.884227,39.79926234
Modoc,39.855,1959,-120.1985287,41.19019272
Modoc,19.05,1960,-120.1985287,41.19019272
Modoc,17.7,1961,-120.1985287,41.19019272
Modoc,21.07,1962,-120.1985287,41.19019272
Modoc,28.44,1963,-120.1985287,41.19019272
Modoc,26.29,1964,-120.1985287,41.19019272
Modoc,27.22,1965,-120.1985287,41.19019272
Modoc,16.8,1966,-120.1985287,41.19019272
Modoc,29.87,1967,-120.1985287,41.19019272
Modoc,20.27,1968,-120.1985287,41.19019272
Modoc,33.85,1969,-120.1985287,41.19019272
Modoc,18.29,1970,-120.1985287,41.19019272
Modoc,38.09,1971,-120.1985287,41.19019272
Modoc,32.14,1972,-120.1985287,41.19019272
Modoc,27.68,1973,-120.1985287,41.19019272
Modoc,32.55,1974,-120.1985287,41.19019272
Modoc,34.67,1975,-120.1985287,41.19019272
Modoc,28.71,1976,-120.1985287,41.19019272
Modoc,19.06,1977,-120.1985287,41.19019272
Modoc,31.31,1978,-120.1985287,41.19019272
Modoc,24.49,1979,-120.1985287,41.19019272
Modoc,33.35,1980,-120.1985287,41.19019272
Modoc,24.05,1981,-120.1985287,41.19019272
Modoc,37.1,1982,-120.1985287,41.19019272
Modoc,38.79,1983,-120.1985287,41.19019272
Modoc,42.45,1984,-120.1985287,41.19019272
Modoc,26.69,1985,-120.1985287,41.19019272
Modoc,33.98,1986,-120.1985287,41.19019272
Modoc,23.5,1987,-120.1985287,41.19019272
Modoc,23.9,1988,-120.1985287,41.19019272
Modoc,28.9,1989,-120.1985287,41.19019272
Modoc,23.3,1990,-120.1985287,41.19019272
Modoc,25.0,1991,-120.1985287,41.19019272
Modoc,16.58,1992,-120.1985287,41.19019272
Modoc,37.69,1993,-120.1985287,41.19019272
Modoc,23.48,1994,-120.1985287,41.19019272
Modoc,39.35,1995,-120.1985287,41.19019272
Modoc,34.75,1996,-120.1985287,41.19019272
Modoc,30.8,1997,-120.1985287,41.19019272
Modoc,53.65,1998,-120.1985287,41.19019272
Modoc,31.0,1999,-120.1985287,41.19019272
Modoc,20.75,2000,-120.1985287,41.19019272
Modoc,19.95,2001,-120.1985287,41.19019272
Modoc,23.55,2002,-120.1985287,41.19019272
Modoc,27.46,2003,-120.1985287,41.19019272
Modoc,26.15,2004,-120.1985287,41.19019272
Modoc,30.45,2005,-120.1985287,41.19019272
Modoc,33.05,2006,-120.1985287,41.19019272
Modoc,22.17,2007,-120.1985287,41.19019272
Modoc,26.78,2008,-120.1985287,41.19019272
Modoc,26.02,2009,-120.1985287,41.19019272
Modoc,23.17,2010,-120.1985287,41.19019272
Modoc,38.92,2011,-120.1985287,41.19019272
Modoc,18.07,2012,-120.1985287,41.19019272
Modoc,24.11,2013,-120.1985287,41.19019272
Modoc,21.44,2014,-120.1985287,41.19019272
Modoc,24.37,2015,-120.1985287,41.19019272
Modoc,32.96,2016,-120.1985287,41.19019272
Modoc,35.64,2017,-120.1985287,41.19019272
Modoc,25.38,2018,-120.1985287,41.19019272
Modoc,30.57,2019,-120.1985287,41.19019272
Modoc,22.22,2020,-120.1985287,41.19019272
Modoc,17.18,2021,-120.1985287,41.19019272
Modoc,26.01,2022,-120.1985287,41.19019272
Modoc,29.8,2023,-120.1985287,41.19019272
Modoc,16.43,1959,-120.2463232,41.45416399
Modoc,19.87,1960,-120.2463232,41.45416399
Modoc,19.634999999999998,1961,-120.2463232,41.45416399
Modoc,19.4,1962,-120.2463232,41.45416399
Modoc,31.35,1963,-120.2463232,41.45416399
Modoc,25.17,1964,-120.2463232,41.45416399
Modoc,26.77,1965,-120.2463232,41.45416399
Modoc,18.15,1966,-120.2463232,41.45416399
Modoc,29.95,1967,-120.2463232,41.45416399
Modoc,23.41,1968,-120.2463232,41.45416399
Modoc,32.39,1969,-120.2463232,41.45416399
Modoc,28.46,1970,-120.2463232,41.45416399
Modoc,40.91,1971,-120.2463232,41.45416399
Modoc,32.64,1972,-120.2463232,41.45416399
Modoc,26.14,1973,-120.2463232,41.45416399
Modoc,29.41,1974,-120.2463232,41.45416399
Modoc,35.91,1975,-120.2463232,41.45416399
Modoc,29.51,1976,-120.2463232,41.45416399
Modoc,18.99,1977,-120.2463232,41.45416399
Modoc,31.88,1978,-120.2463232,41.45416399
Modoc,25.9,1979,-120.2463232,41.45416399
Modoc,35.55,1980,-120.2463232,41.45416399
Modoc,22.75,1981,-120.2463232,41.45416399
Modoc,35.8,1982,-120.2463232,41.45416399
Modoc,37.05,1983,-120.2463232,41.45416399
Modoc,40.99,1984,-120.2463232,41.45416399
Modoc,27.27,1985,-120.2463232,41.45416399
Modoc,33.53,1986,-120.2463232,41.45416399
Modoc,21.95,1987,-120.2463232,41.45416399
Modoc,25.15,1988,-120.2463232,41.45416399
Modoc,30.55,1989,-120.2463232,41.45416399
Modoc,18.4,1990,-120.2463232,41.45416399
Modoc,29.76,1991,-120.2463232,41.45416399
Modoc,16.0,1992,-120.2463232,41.45416399
Modoc,40.5,1993,-120.2463232,41.45416399
Modoc,26.84,1994,-120.2463232,41.45416399
Modoc,37.85,1995,-120.2463232,41.45416399
Modoc,34.1,1996,-120.2463232,41.45416399
Modoc,33.5,1997,-120.2463232,41.45416399
Modoc,37.65,1998,-120.2463232,41.45416399
Modoc,31.8,1999,-120.2463232,41.45416399
Modoc,19.4,2000,-120.2463232,41.45416399
Modoc,17.56,2001,-120.2463232,41.45416399
Modoc,25.15,2002,-120.2463232,41.45416399
Modoc,15.9,2003,-120.2463232,41.45416399
Modoc,25.95,2004,-120.2463232,41.45416399
Modoc,30.34,2005,-120.2463232,41.45416399
Modoc,33.1,2006,-120.2463232,41.45416399
Modoc,23.27,2007,-120.2463232,41.45416399
Modoc,29.92,2008,-120.2463232,41.45416399
Modoc,24.22,2009,-120.2463232,41.45416399
Modoc,24.27,2010,-120.2463232,41.45416399
Modoc,39.01,2011,-120.2463232,41.45416399
Modoc,18.64,2012,-120.2463232,41.45416399
Modoc,24.3,2013,-120.2463232,41.45416399
Modoc,22.03,2014,-120.2463232,41.45416399
Modoc,25.26,2015,-120.2463232,41.45416399
Modoc,33.53,2016,-120.2463232,41.45416399
Modoc,35.28,2017,-120.2463232,41.45416399
Modoc,25.93,2018,-120.2463232,41.45416399
Modoc,31.43,2019,-120.2463232,41.45416399
Modoc,24.43,2020,-120.2463232,41.45416399
Modoc,22.44,2021,-120.2463232,41.45416399
Modoc,26.61,2022,-120.2463232,41.45416399
Modoc,31.45,2023,-120.2463232,41.45416399
Glen,48.3,1961,-122.8578731,39.73542903
Glen,49.04,1962,-122.8578731,39.73542903
Glen,54.24,1963,-122.8578731,39.73542903
Glen,45.55,1964,-122.8578731,39.73542903
Glen,93.25,1965,-122.8578731,39.73542903
Glen,46.45,1966,-122.8578731,39.73542903
Glen,66.24,1967,-122.8578731,39.73542903
Glen,50.66,1968,-122.8578731,39.73542903
Glen,76.91,1969,-122.8578731,39.73542903
Glen,67.25,1970,-122.8578731,39.73542903
Glen,74.83,1971,-122.8578731,39.73542903
Glen,59.7,1972,-122.8578731,39.73542903
Glen,65.48,1973,-122.8578731,39.73542903
Glen,84.2,1974,-122.8578731,39.73542903
Glen,71.45,1975,-122.8578731,39.73542903
Glen,43.62,1976,-122.8578731,39.73542903
Glen,29.62,1977,-122.8578731,39.73542903
Glen,75.65,1978,-122.8578731,39.73542903
Glen,45.01,1979,-122.8578731,39.73542903
Glen,72.34,1980,-122.8578731,39.73542903
Glen,40.2,1981,-122.8578731,39.73542903
Glen,88.7,1982,-122.8578731,39.73542903
Glen,96.95,1983,-122.8578731,39.73542903
Glen,71.75,1984,-122.8578731,39.73542903
Glen,58.28,1985,-122.8578731,39.73542903
Glen,72.7,1986,-122.8578731,39.73542903
Glen,47.2,1987,-122.8578731,39.73542903
Glen,45.45,1988,-122.8578731,39.73542903
Glen,58.4,1989,-122.8578731,39.73542903
Glen,40.95,1990,-122.8578731,39.73542903
Glen,37.09,1991,-122.8578731,39.73542903
Glen,44.45,1992,-122.8578731,39.73542903
Glen,80.96,1993,-122.8578731,39.73542903
Glen,35.58,1994,-122.8578731,39.73542903
Glen,93.75,1995,-122.8578731,39.73542903
Glen,84.05,1996,-122.8578731,39.73542903
Glen,85.43,1997,-122.8578731,39.73542903
Glen,93.3,1998,-122.8578731,39.73542903
Glen,68.57,1999,-122.8578731,39.73542903
Glen,53.25,2000,-122.8578731,39.73542903
Glen,41.7,2001,-122.8578731,39.73542903
Glen,53.95,2002,-122.8578731,39.73542903
Glen,66.45,2003,-122.8578731,39.73542903
Glen,56.39,2004,-122.8578731,39.73542903
Glen,70.05,2005,-122.8578731,39.73542903
Glen,80.34,2006,-122.8578731,39.73542903
Glen,52.78,2007,-122.8578731,39.73542903
Glen,54.95,2008,-122.8578731,39.73542903
Glen,44.3,2009,-122.8578731,39.73542903
Glen,64.33,2010,-122.8578731,39.73542903
Glen,81.02,2011,-122.8578731,39.73542903
Glen,40.66,2012,-122.8578731,39.73542903
Glen,44.54,2013,-122.8578731,39.73542903
Glen,34.57,2014,-122.8578731,39.73542903
Glen,43.82,2015,-122.8578731,39.73542903
Glen,67.36,2016,-122.8578731,39.73542903
Glen,95.21,2017,-122.8578731,39.73542903
Glen,37.13,2018,-122.8578731,39.73542903
Glen,74.88,2019,-122.8578731,39.73542903
Glen,36.06,2020,-122.8578731,39.73542903
Glen,23.77,2021,-122.8578731,39.73542903
Glen,49.41,2022,-122.8578731,39.73542903
Glen,70.56,2023,-122.8578731,39.73542903
Tehama,20.0,1946,-122.8011914,40.16537873
Tehama,18.15,1947,-122.8011914,40.16537873
Tehama,26.25,1948,-122.8011914,40.16537873
Tehama,28.13,1949,-122.8011914,40.16537873
Tehama,23.19,1950,-122.8011914,40.16537873
Tehama,30.88,1951,-122.8011914,40.16537873
Tehama,39.69,1952,-122.8011914,40.16537873
Tehama,34.97,1953,-122.8011914,40.16537873
Tehama,35.45,1954,-122.8011914,40.16537873
Tehama,21.71,1955,-122.8011914,40.16537873
Tehama,47.15,1956,-122.8011914,40.16537873
Tehama,26.7,1957,-122.8011914,40.16537873
Tehama,50.62,1958,-122.8011914,40.16537873
Tehama,21.58,1959,-122.8011914,40.16537873
Tehama,24.22,1960,-122.8011914,40.16537873
Tehama,24.36,1961,-122.8011914,40.16537873
Tehama,22.58,1962,-122.8011914,40.16537873
Tehama,31.48,1963,-122.8011914,40.16537873
Tehama,17.54,1964,-122.8011914,40.16537873
Tehama,40.12,1965,-122.8011914,40.16537873
Tehama,23.35,1966,-122.8011914,40.16537873
Tehama,35.07,1967,-122.8011914,40.16537873
Tehama,29.8,1968,-122.8011914,40.16537873
Tehama,38.86,1969,-122.8011914,40.16537873
Tehama,36.46,1970,-122.8011914,40.16537873
Tehama,34.67,1971,-122.8011914,40.16537873
Tehama,21.49,1972,-122.8011914,40.16537873
Tehama,34.34,1973,-122.8011914,40.16537873
Tehama,47.03,1974,-122.8011914,40.16537873
Tehama,38.75,1975,-122.8011914,40.16537873
Tehama,16.64,1976,-122.8011914,40.16537873
Tehama,17.73,1977,-122.8011914,40.16537873
Tehama,40.48,1978,-122.8011914,40.16537873
Tehama,24.68,1979,-122.8011914,40.16537873
Tehama,34.24,1980,-122.8011914,40.16537873
Tehama,22.75,1981,-122.8011914,40.16537873
Tehama,32.55,1982,-122.8011914,40.16537873
Tehama,56.65,1983,-122.8011914,40.16537873
Tehama,30.6,1984,-122.8011914,40.16537873
Tehama,28.88,1985,-122.8011914,40.16537873
Tehama,37.75,1986,-122.8011914,40.16537873
Tehama,20.6,1987,-122.8011914,40.16537873
Tehama,26.1,1988,-122.8011914,40.16537873
Tehama,25.6,1989,-122.8011914,40.16537873
Tehama,21.8,1990,-122.8011914,40.16537873
Tehama,22.05,1991,-122.8011914,40.16537873
Tehama,17.27,1992,-122.8011914,40.16537873
Tehama,38.8,1993,-122.8011914,40.16537873
Tehama,19.31,1994,-122.8011914,40.16537873
Tehama,50.52,1995,-122.8011914,40.16537873
Tehama,35.85,1996,-122.8011914,40.16537873
Tehama,30.35,1997,-122.8011914,40.16537873
Tehama,56.85,1998,-122.8011914,40.16537873
Tehama,26.35,1999,-122.8011914,40.16537873
Tehama,31.57,2000,-122.8011914,40.16537873
Tehama,19.65,2001,-122.8011914,40.16537873
Tehama,28.1,2002,-122.8011914,40.16537873
Tehama,37.45,2003,-122.8011914,40.16537873
Tehama,28.53,2004,-122.8011914,40.16537873
Tehama,38.5,2005,-122.8011914,40.16537873
Tehama,41.55,2006,-122.8011914,40.16537873
Tehama,17.0,2007,-122.8011914,40.16537873
Tehama,18.82,2008,-122.8011914,40.16537873
Tehama,12.8,2009,-122.8011914,40.16537873
Tehama,29.78,2010,-122.8011914,40.16537873
Tehama,33.08,2011,-122.8011914,40.16537873
Tehama,17.91,2012,-122.8011914,40.16537873
Tehama,22.83,2013,-122.8011914,40.16537873
Tehama,13.82,2014,-122.8011914,40.16537873
Tehama,23.05,2015,-122.8011914,40.16537873
Tehama,34.75,2016,-122.8011914,40.16537873
Tehama,43.7,2017,-122.8011914,40.16537873
Tehama,14.6,2018,-122.8011914,40.16537873
Tehama,41.15,2019,-122.8011914,40.16537873
Tehama,12.21,2020,-122.8011914,40.16537873
Tehama,42.62,2020,-122.8011914,40.16537873
Tehama,34.48,2021,-122.8011914,40.16537873
Tehama,26.34,2022,-122.8011914,40.16537873
Lassen,18.2,1991,-120.3575336,40.44736467
Lassen,14.2,1992,-120.3575336,40.44736467
Lassen,36.97,1993,-120.3575336,40.44736467
Lassen,19.68,1994,-120.3575336,40.44736467
Lassen,44.75,1995,-120.3575336,40.44736467
Lassen,42.07,1996,-120.3575336,40.44736467
Lassen,9.8,1997,-120.3575336,40.44736467
Lassen,17.35,1998,-120.3575336,40.44736467
Lassen,13.330000000000002,1999,-120.3575336,40.44736467
Lassen,9.31,2000,-120.3575336,40.44736467
Lassen,10.15,2001,-120.3575336,40.44736467
Lassen,18.700000000000003,2002,-120.3575336,40.44736467
Lassen,27.25,2003,-120.3575336,40.44736467
Lassen,24.9,2004,-120.3575336,40.44736467
Lassen,15.25,2005,-120.3575336,40.44736467
Lassen,26.23,2006,-120.3575336,40.44736467
Lassen,7.68,2007,-120.3575336,40.44736467
Lassen,9.35,2008,-120.3575336,40.44736467
Lassen,9.9,2009,-120.3575336,40.44736467
Lassen,11.06,2010,-120.3575336,40.44736467
Lassen,16.66,2011,-120.3575336,40.44736467
Lassen,5.19,2012,-120.3575336,40.44736467
Lassen,8.26,2013,-120.3575336,40.44736467
Lassen,5.53,2014,-120.3575336,40.44736467
Lassen,14.85,2015,-120.3575336,40.44736467
Lassen,12.17,2016,-120.3575336,40.44736467
Lassen,19.73,2017,-120.3575336,40.44736467
Lassen,11.49,2018,-120.3575336,40.44736467
Lassen,17.0,2019,-120.3575336,40.44736467
Lassen,8.81,2020,-120.3575336,40.44736467
Lassen,11.463333333333333,2021,-120.3575336,40.44736467
Lassen,14.116666666666667,2022,-120.3575336,40.44736467
Lassen,16.77,2023,-120.3575336,40.44736467
Shasta,68.17,1947,-121.9395853,41.1689058
Shasta,89.91,1948,-121.9395853,41.1689058
Shasta,60.55,1949,-121.9395853,41.1689058
Shasta,57.5,1950,-121.9395853,41.1689058
Shasta,109.7,1951,-121.9395853,41.1689058
Shasta,109.16,1952,-121.9395853,41.1689058
Shasta,88.5,1953,-121.9395853,41.1689058
Shasta,41.1,1954,-121.9395853,41.1689058
Shasta,64.4,1955,-121.9395853,41.1689058
Shasta,121.15,1956,-121.9395853,41.1689058
Shasta,69.7,1957,-121.9395853,41.1689058
Shasta,143.83,1958,-121.9395853,41.1689058
Shasta,75.85,1959,-121.9395853,41.1689058
Shasta,79.85,1960,-121.9395853,41.1689058
Shasta,83.5,1961,-121.9395853,41.1689058
Shasta,84.37,1962,-121.9395853,41.1689058
Shasta,116.14,1963,-121.9395853,41.1689058
Shasta,61.03,1964,-121.9395853,41.1689058
Shasta,102.75,1965,-121.9395853,41.1689058
Shasta,81.64,1966,-121.9395853,41.1689058
Shasta,113.39,1967,-121.9395853,41.1689058
Shasta,56.82,1968,-121.9395853,41.1689058
Shasta,115.89,1969,-121.9395853,41.1689058
Shasta,108.7,1970,-121.9395853,41.1689058
Shasta,98.12,1971,-121.9395853,41.1689058
Shasta,56.18,1972,-121.9395853,41.1689058
Shasta,86.99,1973,-121.9395853,41.1689058
Shasta,158.93,1974,-121.9395853,41.1689058
Shasta,87.35,1975,-121.9395853,41.1689058
Shasta,51.54,1976,-121.9395853,41.1689058
Shasta,22.25,1977,-121.9395853,41.1689058
Shasta,153.66,1978,-121.9395853,41.1689058
Shasta,46.24,1979,-121.9395853,41.1689058
Shasta,97.78,1980,-121.9395853,41.1689058
Shasta,62.45,1981,-121.9395853,41.1689058
Shasta,137.8,1982,-121.9395853,41.1689058
Shasta,139.03,1983,-121.9395853,41.1689058
Shasta,86.25,1984,-121.9395853,41.1689058
Shasta,47.64,1985,-121.9395853,41.1689058
Shasta,104.25,1986,-121.9395853,41.1689058
Shasta,58.77,1987,-121.9395853,41.1689058
Shasta,58.15,1988,-121.9395853,41.1689058
Shasta,70.1,1989,-121.9395853,41.1689058
Shasta,55.95,1990,-121.9395853,41.1689058
Shasta,42.84,1991,-121.9395853,41.1689058
Shasta,55.18,1992,-121.9395853,41.1689058
Shasta,111.15,1993,-121.9395853,41.1689058
Shasta,35.74,1994,-121.9395853,41.1689058
Shasta,136.28,1995,-121.9395853,41.1689058
Shasta,95.7,1996,-121.9395853,41.1689058
Shasta,106.9,1997,-121.9395853,41.1689058
Shasta,132.85,1998,-121.9395853,41.1689058
Shasta,77.9,1999,-121.9395853,41.1689058
Shasta,77.65,2000,-121.9395853,41.1689058
Shasta,59.15,2001,-121.9395853,41.1689058
Shasta,74.75,2002,-121.9395853,41.1689058
Shasta,87.8,2003,-121.9395853,41.1689058
Shasta,88.2,2004,-121.9395853,41.1689058
Shasta,86.7,2005,-121.9395853,41.1689058
Shasta,127.25,2006,-121.9395853,41.1689058
Shasta,57.47,2007,-121.9395853,41.1689058
Shasta,56.36,2008,-121.9395853,41.1689058
Shasta,86.25,2009,-121.9395853,41.1689058
Shasta,90.11,2010,-121.9395853,41.1689058
Shasta,102.34,2011,-121.9395853,41.1689058
Shasta,66.62,2012,-121.9395853,41.1689058
Shasta,83.57,2013,-121.9395853,41.1689058
Shasta,49.99,2014,-121.9395853,41.1689058
Shasta,69.93,2015,-121.9395853,41.1689058
Shasta,93.62,2016,-121.9395853,41.1689058
Shasta,153.8,2017,-121.9395853,41.1689058
Shasta,68.75,2018,-121.9395853,41.1689058
Shasta,109.18,2019,-121.9395853,41.1689058
Shasta,49.85,2020,-121.9395853,41.1689058
Shasta,31.49,2021,-121.9395853,41.1689058
Shasta,54.41,2022,-121.9395853,41.1689058
Shasta,97.78,2023,-121.9395853,41.1689058
Lassen,41.19,1959,-121.1003487,40.44495836
Lassen,44.12,1960,-121.1003487,40.44495836
Lassen,45.33,1961,-121.1003487,40.44495836
Lassen,50.65,1962,-121.1003487,40.44495836
Lassen,48.56,1963,-121.1003487,40.44495836
Lassen,41.51,1964,-121.1003487,40.44495836
Lassen,63.42,1965,-121.1003487,40.44495836
Lassen,37.12,1966,-121.1003487,40.44495836
Lassen,62.75,1967,-121.1003487,40.44495836
Lassen,46.72,1968,-121.1003487,40.44495836
Lassen,43.45,1969,-121.1003487,40.44495836
Lassen,55.33,1970,-121.1003487,40.44495836
Lassen,69.75,1971,-121.1003487,40.44495836
Lassen,53.42,1972,-121.1003487,40.44495836
Lassen,38.17,1973,-121.1003487,40.44495836
Lassen,78.27,1974,-121.1003487,40.44495836
Lassen,54.94,1975,-121.1003487,40.44495836
Lassen,35.96,1976,-121.1003487,40.44495836
Lassen,18.0,1977,-121.1003487,40.44495836
Lassen,50.25,1978,-121.1003487,40.44495836
Lassen,23.27,1979,-121.1003487,40.44495836
Lassen,42.33,1980,-121.1003487,40.44495836
Lassen,29.59,1981,-121.1003487,40.44495836
Lassen,78.84,1982,-121.1003487,40.44495836
Lassen,68.05,1983,-121.1003487,40.44495836
Lassen,45.06,1984,-121.1003487,40.44495836
Lassen,53.82,1985,-121.1003487,40.44495836
Lassen,48.43,1986,-121.1003487,40.44495836
Lassen,25.56,1987,-121.1003487,40.44495836
Lassen,28.31,1988,-121.1003487,40.44495836
Lassen,36.77,1989,-121.1003487,40.44495836
Lassen,30.25,1990,-121.1003487,40.44495836
Lassen,24.3,1991,-121.1003487,40.44495836
Lassen,26.0,1992,-121.1003487,40.44495836
Lassen,35.69,1993,-121.1003487,40.44495836
Lassen,34.38,1994,-121.1003487,40.44495836
Lassen,65.05,1995,-121.1003487,40.44495836
Lassen,42.78,1996,-121.1003487,40.44495836
Lassen,47.95,1997,-121.1003487,40.44495836
Lassen,53.5,1998,-121.1003487,40.44495836
Lassen,31.6,1999,-121.1003487,40.44495836
Lassen,31.2,2000,-121.1003487,40.44495836
Lassen,16.7,2001,-121.1003487,40.44495836
Lassen,28.9,2002,-121.1003487,40.44495836
Lassen,33.4,2003,-121.1003487,40.44495836
Lassen,31.05,2004,-121.1003487,40.44495836
Lassen,31.8,2005,-121.1003487,40.44495836
Lassen,55.85,2006,-121.1003487,40.44495836
Lassen,30.52,2007,-121.1003487,40.44495836
Lassen,20.99,2008,-121.1003487,40.44495836
Lassen,15.22,2009,-121.1003487,40.44495836
Lassen,28.11,2010,-121.1003487,40.44495836
Lassen,50.4,2011,-121.1003487,40.44495836
Lassen,18.24,2012,-121.1003487,40.44495836
Lassen,37.45,2013,-121.1003487,40.44495836
Lassen,23.23,2014,-121.1003487,40.44495836
Lassen,34.38,2015,-121.1003487,40.44495836
Lassen,45.76,2016,-121.1003487,40.44495836
Lassen,68.96,2017,-121.1003487,40.44495836
Lassen,34.72,2018,-121.1003487,40.44495836
Lassen,47.68,2019,-121.1003487,40.44495836
Lassen,27.36,2020,-121.1003487,40.44495836
Lassen,24.4225,2021,-121.1003487,40.44495836
Lassen,21.485,2022,-121.1003487,40.44495836
Lassen,18.5475,2023,-121.1003487,40.44495836
Modoc,15.61,1959,-120.7943374,41.23736078
Modoc,19.07,1960,-120.7943374,41.23736078
Modoc,19.3,1961,-120.7943374,41.23736078
Modoc,21.34,1962,-120.7943374,41.23736078
Modoc,31.12,1963,-120.7943374,41.23736078
Modoc,22.97,1964,-120.7943374,41.23736078
Modoc,31.91,1965,-120.7943374,41.23736078
Modoc,18.23,1966,-120.7943374,41.23736078
Modoc,25.88,1967,-120.7943374,41.23736078
Modoc,19.48,1968,-120.7943374,41.23736078
Modoc,30.26,1969,-120.7943374,41.23736078
Modoc,32.87,1970,-120.7943374,41.23736078
Modoc,41.86,1971,-120.7943374,41.23736078
Modoc,33.13,1972,-120.7943374,41.23736078
Modoc,26.16,1973,-120.7943374,41.23736078
Modoc,33.47,1974,-120.7943374,41.23736078
Modoc,33.33,1975,-120.7943374,41.23736078
Modoc,24.57,1976,-120.7943374,41.23736078
Modoc,18.81,1977,-120.7943374,41.23736078
Modoc,35.4,1978,-120.7943374,41.23736078
Modoc,24.02,1979,-120.7943374,41.23736078
Modoc,38.0,1980,-120.7943374,41.23736078
Modoc,23.0,1981,-120.7943374,41.23736078
Modoc,41.35,1982,-120.7943374,41.23736078
Modoc,40.73,1983,-120.7943374,41.23736078
Modoc,36.45,1984,-120.7943374,41.23736078
Modoc,26.75,1985,-120.7943374,41.23736078
Modoc,41.13,1986,-120.7943374,41.23736078
Modoc,21.91,1987,-120.7943374,41.23736078
Modoc,28.05,1988,-120.7943374,41.23736078
Modoc,31.65,1989,-120.7943374,41.23736078
Modoc,26.9,1990,-120.7943374,41.23736078
Modoc,25.65,1991,-120.7943374,41.23736078
Modoc,18.73,1992,-120.7943374,41.23736078
Modoc,45.24,1993,-120.7943374,41.23736078
Modoc,23.42,1994,-120.7943374,41.23736078
Modoc,45.91,1995,-120.7943374,41.23736078
Modoc,34.69,1996,-120.7943374,41.23736078
Modoc,33.02,1997,-120.7943374,41.23736078
Modoc,49.37,1998,-120.7943374,41.23736078
Modoc,33.8,1999,-120.7943374,41.23736078
Modoc,22.4,2000,-120.7943374,41.23736078
Modoc,20.05,2001,-120.7943374,41.23736078
Modoc,25.4,2002,-120.7943374,41.23736078
Modoc,26.11,2003,-120.7943374,41.23736078
Modoc,28.7,2004,-120.7943374,41.23736078
Modoc,35.55,2005,-120.7943374,41.23736078
Modoc,37.05,2006,-120.7943374,41.23736078
Modoc,24.52,2007,-120.7943374,41.23736078
Modoc,27.11,2008,-120.7943374,41.23736078
Modoc,8.85,2009,-120.7943374,41.23736078
Modoc,27.92,2010,-120.7943374,41.23736078
Modoc,41.05,2011,-120.7943374,41.23736078
Modoc,25.08,2012,-120.7943374,41.23736078
Modoc,25.38,2013,-120.7943374,41.23736078
Modoc,24.11,2014,-120.7943374,41.23736078
Modoc,27.45,2015,-120.7943374,41.23736078
Modoc,36.37,2016,-120.7943374,41.23736078
Modoc,41.2,2017,-120.7943374,41.23736078
Modoc,29.04,2018,-120.7943374,41.23736078
Modoc,39.11,2019,-120.7943374,41.23736078
Modoc,24.64,2020,-120.7943374,41.23736078
Modoc,18.05,2021,-120.7943374,41.23736078
Modoc,27.78,2022,-120.7943374,41.23736078
Modoc,36.53,2023,-120.7943374,41.23736078
Plumas,28.61,1960,-120.5714546,39.90169747
Plumas,20.87,1961,-120.5714546,39.90169747
Plumas,26.26,1962,-120.5714546,39.90169747
Plumas,49.14,1963,-120.5714546,39.90169747
Plumas,20.57,1964,-120.5714546,39.90169747
Plumas,47.44,1965,-120.5714546,39.90169747
Plumas,25.59,1966,-120.5714546,39.90169747
Plumas,45.16,1967,-120.5714546,39.90169747
Plumas,31.7,1968,-120.5714546,39.90169747
Plumas,53.64,1969,-120.5714546,39.90169747
Plumas,42.96,1970,-120.5714546,39.90169747
Plumas,48.37,1971,-120.5714546,39.90169747
Plumas,36.16,1972,-120.5714546,39.90169747
Plumas,33.85,1973,-120.5714546,39.90169747
Plumas,50.84,1974,-120.5714546,39.90169747
Plumas,41.94,1975,-120.5714546,39.90169747
Plumas,21.28,1976,-120.5714546,39.90169747
Plumas,15.86,1977,-120.5714546,39.90169747
Plumas,41.73,1978,-120.5714546,39.90169747
Plumas,28.42,1979,-120.5714546,39.90169747
Plumas,43.3,1980,-120.5714546,39.90169747
Plumas,25.32,1981,-120.5714546,39.90169747
Plumas,64.43,1982,-120.5714546,39.90169747
Plumas,59.67,1983,-120.5714546,39.90169747
Plumas,46.45,1984,-120.5714546,39.90169747
Plumas,27.19,1985,-120.5714546,39.90169747
Plumas,50.11,1986,-120.5714546,39.90169747
Plumas,18.74,1987,-120.5714546,39.90169747
Plumas,17.39,1988,-120.5714546,39.90169747
Plumas,41.36,1989,-120.5714546,39.90169747
Plumas,25.91,1990,-120.5714546,39.90169747
Plumas,26.25,1991,-120.5714546,39.90169747
Plumas,16.2,1992,-120.5714546,39.90169747
Plumas,48.51,1993,-120.5714546,39.90169747
Plumas,19.3,1994,-120.5714546,39.90169747
Plumas,63.01,1995,-120.5714546,39.90169747
Plumas,41.58,1996,-120.5714546,39.90169747
Plumas,50.15,1997,-120.5714546,39.90169747
Plumas,42.87,1998,-120.5714546,39.90169747
Plumas,42.2,1999,-120.5714546,39.90169747
Plumas,30.1,2000,-120.5714546,39.90169747
Plumas,17.3,2001,-120.5714546,39.90169747
Plumas,25.0,2002,-120.5714546,39.90169747
Plumas,33.2,2003,-120.5714546,39.90169747
Plumas,29.2,2004,-120.5714546,39.90169747
Plumas,33.7,2005,-120.5714546,39.90169747
Plumas,49.85,2006,-120.5714546,39.90169747
Plumas,24.41,2007,-120.5714546,39.90169747
Plumas,23.96,2008,-120.5714546,39.90169747
Plumas,34.85,2009,-120.5714546,39.90169747
Plumas,28.03,2010,-120.5714546,39.90169747
Plumas,49.49,2011,-120.5714546,39.90169747
Plumas,26.12,2012,-120.5714546,39.90169747
Plumas,35.07,2013,-120.5714546,39.90169747
Plumas,19.93,2014,-120.5714546,39.90169747
Plumas,26.8,2015,-120.5714546,39.90169747
Plumas,39.38,2016,-120.5714546,39.90169747
Plumas,63.84,2017,-120.5714546,39.90169747
Plumas,34.73,2018,-120.5714546,39.90169747
Plumas,44.16,2019,-120.5714546,39.90169747
Plumas,31.34,2020,-120.5714546,39.90169747
Plumas,36.723333333333336,2021,-120.5714546,39.90169747
Plumas,42.10666666666667,2022,-120.5714546,39.90169747
Plumas,47.49,2023,-120.5714546,39.90169747
